Name,Description,Description_RO,Risk,Source
E131 - Patent blue V,"Synthetic blue dye used in sweets, beverages, and other foods.","Colorant albastru sintetic folosit în dulciuri, băuturi și alte alimente.",moderate risk,https://www.efsa.europa.eu/en/efsajournal/pub/2499
E140ii - Chlorophyllins,Natural green pigments extracted from plants.,Pigmenți verzi naturali extrași din plante.,free,https://www.efsa.europa.eu/en/efsajournal/pub/1530
E440aiii - Potassium pectate,"Potassium salt of pectin, used as a thickener.","Sarea de potasiu a pectinei, folosită ca îngroșător.",free,https://www.efsa.europa.eu/en/efsajournal/pub/1748
E332i - Monopotassium citrate,"Potassium salt of citric acid, acidity regulator.","Sarea de potasiu a acidului citric, regulator de aciditate.",free,https://www.efsa.europa.eu/en/efsajournal/pub/1647
E133 - Brilliant blue FCF,Synthetic blue dye used in food and drinks.,Colorant albastru sintetic folosit în alimente și băuturi.,moderate risk,https://www.efsa.europa.eu/en/efsajournal/pub/2818
E296 - Malic acid,Naturally occurring acid used as a flavoring and acidity regulator.,Acid natural folosit ca aromatizant și regulator de aciditate.,free,https://www.efsa.europa.eu/en/efsajournal/pub/1535
E959 - Neohesperidine dihydrochalcone,Artificial sweetener derived from citrus.,Îndulcitor artificial derivat din citrice.,low risk,https://www.efsa.europa.eu/en/efsajournal/pub/1536
E908 - Rice bran wax,"Wax from rice bran, used as a glazing agent.","Ceară din tărâțe de orez, folosită ca agent de glazurare.",free,https://www.efsa.europa.eu/en/efsajournal/pub/3145
E308 - Gamma-tocopherol,"Form of vitamin E, used as antioxidant.","Formă de vitamina E, folosită ca antioxidant.",free,https://www.efsa.europa.eu/en/efsajournal/pub/1816
E359 - Ammonium adipate,"Ammonium salt of adipic acid, acidity regulator.","Sarea de amoniu a acidului adipic, regulator de aciditate.",free,https://www.efsa.europa.eu/en/efsajournal/pub/1537
E1414 - Acetylated distarch phosphate,Modified starch used as a thickener and stabilizer.,Amidon modificat folosit ca îngroșător și stabilizator.,free,https://www.efsa.europa.eu/en/efsajournal/pub/1538
E307c - DL-Alpha-tocopherol,"Synthetic vitamin E, antioxidant.","Vitamina E sintetică, antioxidant.",free,https://www.efsa.europa.eu/en/efsajournal/pub/1816
E500iii - Sodium sesquicarbonate,Buffer and anti-caking agent.,Agent tampon și anti-aglomerant.,free,https://www.efsa.europa.eu/en/efsajournal/pub/1539
No12 - n12,Unknown or not classified.,Necunoscut sau neclasificat.,unknown,
E452 - Polyphosphates,"Emulsifier and stabilizer, used in processed foods.","Emulgator și stabilizator, folosit în alimente procesate.",free,https://www.efsa.europa.eu/en/efsajournal/pub/3146
E345 - Magnesium citrate,"Magnesium salt of citric acid, acidity regulator.","Sarea de magneziu a acidului citric, regulator de aciditate.",free,https://www.efsa.europa.eu/en/efsajournal/pub/1647
E945 - Chloropentafluoroethane,"Propellant gas, rarely used.","Gaz propulsor, rar folosit.",high risk,https://www.efsa.europa.eu/en/efsajournal/pub/1540
E961 - Neotame,"Artificial sweetener, very high intensity.","Îndulcitor artificial, intensitate foarte mare.",moderate risk,https://www.efsa.europa.eu/en/efsajournal/pub/2149
E957 - Thaumatin,Natural sweetener and flavor modifier from katemfe fruit.,Îndulcitor natural și modificator de aromă din fructul katemfe.,free,https://www.efsa.europa.eu/en/efsajournal/pub/1534
E904 - Shellac,Glazing agent derived from lac insects.,Agent de glazurare derivat din insecte lac.,free,https://www.efsa.europa.eu/en/efsajournal/pub/3147
E304 - Fatty acid esters of ascorbic acid,"Antioxidant, vitamin C derivatives.","Antioxidant, derivați ai vitaminei C.",free,https://www.efsa.europa.eu/en/efsajournal/pub/1531
E357 - Potassium adipate,"Potassium salt of adipic acid, acidity regulator.","Sarea de potasiu a acidului adipic, regulator de aciditate.",free,https://www.efsa.europa.eu/en/efsajournal/pub/1537
E963 - Tagatose,"Low-calorie sweetener, naturally occurring sugar.","Îndulcitor cu calorii reduse, zahăr natural.",free,https://www.efsa.europa.eu/en/efsajournal/pub/1532
E363 - Succinic acid,Acidity regulator and flavoring agent.,Regulator de aciditate și agent aromatizant.,free,https://www.efsa.europa.eu/en/efsajournal/pub/1541
E1103 - Invertase,Enzyme used to hydrolyze sucrose.,Enzimă folosită pentru hidroliza zaharozei.,free,https://www.efsa.europa.eu/en/efsajournal/pub/1542
E475 - Polyglycerol esters of fatty acids,Emulsifier in bakery and confectionery.,,free,https://www.efsa.europa.eu/en/efsajournal/pub/1543
E1202 - Polyvinylpolypyrrolidone,Clarifying agent in beverages.,,free,https://www.efsa.europa.eu/en/efsajournal/pub/1544
E556 - Calcium aluminium silicate,Anti-caking agent.,,free,https://www.efsa.europa.eu/en/efsajournal/pub/1545
E246 - Glycolipids,"Emulsifier, stabilizer.",,free,
E578 - Calcium gluconate,"Firming agent, calcium supplement.",,free,https://www.efsa.europa.eu/en/efsajournal/pub/1546
E343i - Monomagnesium phosphate,"Acidity regulator, magnesium source.",,free,https://www.efsa.europa.eu/en/efsajournal/pub/1547
E142 - Green S,Synthetic green dye.,,moderate risk,https://www.efsa.europa.eu/en/efsajournal/pub/1548
E965i - D-Maltitol,"Sugar alcohol, sweetener.",,free,https://www.efsa.europa.eu/en/efsajournal/pub/1549
E341i - Monocalcium phosphate,"Leavening agent, acidity regulator.",,free,https://www.efsa.europa.eu/en/efsajournal/pub/1550
E322i - Lecithin,Emulsifier from soy or egg.,,free,https://www.efsa.europa.eu/en/efsajournal/pub/1551
E123 - Amaranth,Synthetic red dye.,,high risk,https://www.efsa.europa.eu/en/efsajournal/pub/1552
E172iii - Yellow iron oxide,"Colorant, iron oxide pigment.",,free,https://www.efsa.europa.eu/en/efsajournal/pub/1553
E121 - Citrus Red 2,"Synthetic red dye, used on orange peels.",,high risk,https://www.efsa.europa.eu/en/efsajournal/pub/1554
E470 - Sodium/potassium/calcium and magnesium salts of fatty acids,"Emulsifier, anti-caking agent.",,free,https://www.efsa.europa.eu/en/efsajournal/pub/1555
E486 - Calcium stearoyl fumarate,"Dough conditioner, emulsifier.",,free,https://www.efsa.europa.eu/en/efsajournal/pub/1556
E106 - Flavin mononucleotide,"Vitamin B2 derivative, colorant.",,free,https://www.efsa.europa.eu/en/efsajournal/pub/1557
E574 - Gluconic acid,"Acidity regulator, produced by fermentation.",,free,https://www.efsa.europa.eu/en/efsajournal/pub/1558
E713 - Tylosin,"Antibiotic, not approved as food additive in EU.",,high risk,https://www.efsa.europa.eu/en/efsajournal/pub/1559
E331ii - Disodium citrate,"Sodium salt of citric acid, acidity regulator.",,free,https://www.efsa.europa.eu/en/efsajournal/pub/1647
E450ii - Trisodium diphosphate,"Emulsifier, stabilizer.",,free,https://www.efsa.europa.eu/en/efsajournal/pub/3146
Inorganic salts,General term for salts not classified as organic.,,unknown,
E940 - Dichlorodifluoromethane,"Propellant gas, rarely used in food.",,high risk,https://en.wikipedia.org/wiki/Dichlorodifluoromethane
E340 - Potassium phosphates,"Acidity regulator, emulsifier.",,free,https://www.efsa.europa.eu/en/efsajournal/pub/3146
E202 - Potassium sorbate,"Preservative, inhibits molds and yeasts.",,free,https://www.efsa.europa.eu/en/efsajournal/pub/4144
E333ii - Dicalcium citrate,"Calcium salt of citric acid, acidity regulator.",,free,https://www.efsa.europa.eu/en/efsajournal/pub/1647
Di- and triphosphates,General term for di- and triphosphate salts.,,free,https://www.efsa.europa.eu/en/efsajournal/pub/3146
E160bii - Annatto norbixin,Natural orange-yellow color from annatto.,,free,https://www.efsa.europa.eu/en/efsajournal/pub/3234
E228 - Potassium bisulphite,"Preservative, antioxidant.",,moderate risk,https://www.efsa.europa.eu/en/efsajournal/pub/1533
E125 - Scarlet GN,"Synthetic red dye, not approved in EU.",,high risk,https://en.wikipedia.org/wiki/Scarlet_GN
E1206 - Neutral methacrylate copolymer,Coating agent for food supplements.,,free,https://www.efsa.europa.eu/en/efsajournal/pub/3148
E512 - Stannous chloride,"Color retention agent, antioxidant.",,moderate risk,https://www.efsa.europa.eu/en/efsajournal/pub/1559
E391 - Phytic acid,"Antioxidant, chelating agent.",,free,https://en.wikipedia.org/wiki/Phytic_acid
E932 - Nitrogen oxide,"Propellant gas, rarely used in food.",,unknown,https://en.wikipedia.org/wiki/Nitrogen_oxide
E332 - Potassium citrates,"Acidity regulator, potassium salt of citric acid.",,free,https://www.efsa.europa.eu/en/efsajournal/pub/1647
E515ii - Potassium hydrogen sulphate,Acidity regulator.,,free,https://en.wikipedia.org/wiki/Potassium_bisulfate
E335ii - Disodium tartrate,"Acidity regulator, sodium salt of tartaric acid.",,free,https://www.efsa.europa.eu/en/efsajournal/pub/1550
E960 - Steviol glycosides,Sweetener from stevia plant.,,free,https://www.efsa.europa.eu/en/efsajournal/pub/1537
E339iii - Trisodium phosphate,"Acidity regulator, sodium salt of phosphoric acid.",,free,https://www.efsa.europa.eu/en/efsajournal/pub/3146
E224 - Potassium metabisulphite,"Preservative, antioxidant.",,moderate risk,https://www.efsa.europa.eu/en/efsajournal/pub/1533
E1441 - Hydroxy propyl distarch glycerine,"Modified starch, thickener.",,free,https://www.efsa.europa.eu/en/efsajournal/pub/1538
E141ii - Copper complexes of chlorophyllins,"Green colorant, copper salt of chlorophyllins.",,free,https://www.efsa.europa.eu/en/efsajournal/pub/1530
E130 - Indanthrene blue RS,"Synthetic blue dye, not approved in EU.",,high risk,https://en.wikipedia.org/wiki/Indanthrene_Blue_RS
E452i - Sodium polyphosphate,"Emulsifier, stabilizer.",,free,https://www.efsa.europa.eu/en/efsajournal/pub/3146
E266 - Sodium dehydroacetate,Preservative.,,moderate risk,https://en.wikipedia.org/wiki/Sodium_dehydroacetate
E1422 - Acetylated distarch adipate,"Modified starch, thickener.",,free,https://www.efsa.europa.eu/en/efsajournal/pub/1538
E304i - Ascorbyl palmitate,"Antioxidant, vitamin C derivative.",,free,https://www.efsa.europa.eu/en/efsajournal/pub/1531
E162 - Beetroot red,Natural red colorant from beetroot.,,free,https://www.efsa.europa.eu/en/efsajournal/pub/1539
E1404 - Oxidised starch,"Modified starch, thickener.",,free,https://www.efsa.europa.eu/en/efsajournal/pub/1538
E307a - D-Alpha-tocopherol,"Natural vitamin E, antioxidant.",,free,https://www.efsa.europa.eu/en/efsajournal/pub/1816
E479b - Thermally oxidised soya bean oil interacted with mono- and diglycerides of fatty acids,"Emulsifier, stabilizer.",,free,https://www.efsa.europa.eu/en/efsajournal/pub/1543
E234 - Nisin,"Preservative, antibacterial peptide.",,free,https://www.efsa.europa.eu/en/efsajournal/pub/3149
E710 - Spiramycin,"Antibiotic, not approved as food additive in EU.",,high risk,https://en.wikipedia.org/wiki/Spiramycin
E365 - Sodium fumarate,"Acidity regulator, sodium salt of fumaric acid.",,free,https://en.wikipedia.org/wiki/Sodium_fumarate
E965 - Maltitol,"Sugar alcohol, sweetener.",,free,https://www.efsa.europa.eu/en/efsajournal/pub/1549
E341 - Calcium phosphates,"Acidity regulator, calcium salt of phosphoric acid.",,free,https://www.efsa.europa.eu/en/efsajournal/pub/1550
E451ii - Pentapotassium triphosphate,"Emulsifier, stabilizer.",,free,https://www.efsa.europa.eu/en/efsajournal/pub/3146
E941 - Nitrogen,"Inert gas, packaging gas.",,free,https://www.efsa.europa.eu/en/efsajournal/pub/1559
FD&C - FD and C,General term for US-certified color additives.,,varies,https://en.wikipedia.org/wiki/FD%26C
E343 - Magnesium phosphates,"Acidity regulator, magnesium salt of phosphoric acid.",,free,https://www.efsa.europa.eu/en/efsajournal/pub/1547
E473 - Sucrose esters of fatty acids,"Emulsifier, stabilizer.",,free,https://www.efsa.europa.eu/en/efsajournal/pub/1543
E120 - Cochineal,Natural red colorant from insects.,,moderate risk,https://www.efsa.europa.eu/en/efsajournal/pub/1539
E553aii - Magnesium trisilicate,Anti-caking agent.,,free,https://www.efsa.europa.eu/en/efsajournal/pub/1559
E471 - Mono- and diglycerides of fatty acids,"Emulsifier, stabilizer.",,free,https://www.efsa.europa.eu/en/efsajournal/pub/1543
E429 - Peptone,"Nutrient, protein hydrolysate.",,free,https://en.wikipedia.org/wiki/Peptone
E238 - Calcium formiate,"Preservative, calcium salt of formic acid.",,free,https://en.wikipedia.org/wiki/Calcium_formate
Exxx - Exxx food additive,Placeholder for unspecified food additive.,,unknown,
E340i - Monopotassium phosphate,"Acidity regulator, potassium salt of phosphoric acid.",,free,https://www.efsa.europa.eu/en/efsajournal/pub/3146
E922 - Potassium persulfate,Flour treatment agent.,,moderate risk,https://en.wikipedia.org/wiki/Potassium_persulfate
E322 - Lecithins,Emulsifier from soy or egg.,,free,https://www.efsa.europa.eu/en/efsajournal/pub/1551
E427 - Cassia gum,"Thickener, stabilizer from cassia seeds.",,free,https://www.efsa.europa.eu/en/efsajournal/pub/3145
E1001 - Choline salt,"Nutrient, choline supplement.",,free,https://en.wikipedia.org/wiki/Choline
E416 - Karaya-gum,"Thickener, stabilizer from Sterculia trees.",,free,https://www.efsa.europa.eu/en/efsajournal/pub/3145
E923 - Ammonium persulfate,Flour treatment agent.,,moderate risk,https://en.wikipedia.org/wiki/Ammonium_persulfate
E323 - Anoxomer,"Antioxidant, polymeric.",,free,https://en.wikipedia.org/wiki/Anoxomer
E321 - Butylated hydroxytoluene,"Antioxidant, preservative.",,moderate risk,https://www.efsa.europa.eu/en/efsajournal/pub/1544
E921 - L-cysteine hydrochloride monohydrate,"Flour treatment agent, amino acid.",,free,https://en.wikipedia.org/wiki/L-Cysteine
E585 - Ferrous lactate,"Color retention agent, iron supplement.",,free,https://www.efsa.europa.eu/en/efsajournal/pub/1559
E906 - Benzoin resin,"Glazing agent, resin from trees.",,free,https://en.wikipedia.org/wiki/Benzoin_resin
E306 - Tocopherol-rich extract,"Natural vitamin E, antioxidant.",,free,https://www.efsa.europa.eu/en/efsajournal/pub/1816
E515i - Potassium sulphate,"Acidity regulator, potassium salt of sulfuric acid.",,free,https://en.wikipedia.org/wiki/Potassium_sulfate
E335i - Monosodium tartrate,"Acidity regulator, sodium salt of tartaric acid.",,free,https://www.efsa.europa.eu/en/efsajournal/pub/1550
E140 - Chlorophylls and Chlorophyllins,Natural green pigments from plants.,,free,https://www.efsa.europa.eu/en/efsajournal/pub/1530
E472 - acid esters of mono- and diglycerides of fatty acids,"Emulsifier, stabilizer.",,free,https://www.efsa.europa.eu/en/efsajournal/pub/1543
E927b - Carbamide,"Dough conditioner, also known as urea.",,free,https://en.wikipedia.org/wiki/Urea
E304ii - Ascorbyl stearate,"Antioxidant, vitamin C derivative.",,free,https://www.efsa.europa.eu/en/efsajournal/pub/1531
E452ii - Potassium polyphosphate,"Emulsifier, stabilizer.",,free,https://www.efsa.europa.eu/en/efsajournal/pub/3146
E942 - Nitrous oxide,"Propellant gas, also known as laughing gas.",,free,https://en.wikipedia.org/wiki/Nitrous_oxide
E342 - Ammonium phosphate,"Acidity regulator, ammonium salt of phosphoric acid.",,free,https://en.wikipedia.org/wiki/Ammonium_phosphate
E141i - Copper complexes of chlorophylls,"Green colorant, copper salt of chlorophylls.",,free,https://www.efsa.europa.eu/en/efsajournal/pub/1530
E200 - Sorbic acid,"Preservative, inhibits molds and yeasts.",,free,https://www.efsa.europa.eu/en/efsajournal/pub/4144
E580 - Magnesium Gluconate,"Magnesium supplement, stabilizer.",,free,https://en.wikipedia.org/wiki/Magnesium_gluconate
E1412 - Distarch phosphate,"Modified starch, thickener.",,free,https://www.efsa.europa.eu/en/efsajournal/pub/1538
E451i - Pentasodium triphosphate,"Emulsifier, stabilizer.",,free,https://www.efsa.europa.eu/en/efsajournal/pub/3146
No8 - n8,Unknown or not classified.,,unknown,
E576 - Sodium gluconate,"Sequestrant, stabilizer.",,free,https://en.wikipedia.org/wiki/Sodium_gluconate
E161 - Xanthophylls,Yellow pigments from plants.,,free,https://en.wikipedia.org/wiki/Xanthophyll
E104 - Quinoline yellow,Synthetic yellow dye.,,moderate risk,https://www.efsa.europa.eu/en/efsajournal/pub/1538
E163 - Anthocyanins,Natural red-blue pigments from fruits.,,free,https://www.efsa.europa.eu/en/efsajournal/pub/1539
E160e - Beta-apo-8′-carotenal (c30),"Orange colorant, carotenoid.",,free,https://en.wikipedia.org/wiki/Beta-apo-8%27-carotenal
E558 - Bentonite,"Anti-caking agent, clay mineral.",,free,https://en.wikipedia.org/wiki/Bentonite
E509 - Calcium chloride,"Firming agent, calcium supplement.",,free,https://www.efsa.europa.eu/en/efsajournal/pub/1559
E484 - Stearyl citrate,"Emulsifier, stabilizer.",,free,https://en.wikipedia.org/wiki/Stearyl_citrate
E1100 - Alpha-Amylase,"Enzyme, used in baking.",,free,https://en.wikipedia.org/wiki/Alpha-amylase
E450vii - Calcium dihydrogen diphosphate,"Leavening agent, acidity regulator.",,free,https://en.wikipedia.org/wiki/Calcium_dihydrogen_diphosphate
No10 - n10,Unknown or not classified.,,unknown,
E331 - Sodium citrates,"Acidity regulator, sodium salt of citric acid.",,free,https://www.efsa.europa.eu/en/efsajournal/pub/1647
E450 - Diphosphates,"Emulsifier, stabilizer.",,free,https://www.efsa.europa.eu/en/efsajournal/pub/3146
E340ii - Dipotassium phosphate,"Acidity regulator, potassium salt of phosphoric acid.",,free,https://www.efsa.europa.eu/en/efsajournal/pub/3146
E931 - Nitrogen,"Inert gas, packaging gas.",,free,https://www.efsa.europa.eu/en/efsajournal/pub/1559
E511 - Magnesium chloride,"Firming agent, magnesium supplement.",,free,https://en.wikipedia.org/wiki/Magnesium_chloride
E392 - Extracts of rosemary,"Antioxidant, natural extract.",,free,https://www.efsa.europa.eu/en/efsajournal/pub/4147
E333 - Calcium citrates,"Acidity regulator, calcium salt of citric acid.",,free,https://www.efsa.europa.eu/en/efsajournal/pub/1647
E513 - Sulphuric acid,"Acidity regulator, rarely used in food.",,moderate risk,https://en.wikipedia.org/wiki/Sulfuric_acid
E1204 - Pullulan,"Thickener, stabilizer, polysaccharide.",,free,https://en.wikipedia.org/wiki/Pullulan
E488 - Ethoxylated Mono- and Di-Glycerides,"Emulsifier, stabilizer.",,free,https://en.wikipedia.org/wiki/Ethoxylated_glyceride
E554 - Sodium aluminium silicate,Anti-caking agent.,,free,https://www.efsa.europa.eu/en/efsajournal/pub/1559
E507 - Hydrochloric acid,"Acidity regulator, rarely used in food.",,moderate risk,https://en.wikipedia.org/wiki/Hydrochloric_acid
E335 - Sodium tartrates,"Acidity regulator, sodium salt of tartaric acid.",,free,https://www.efsa.europa.eu/en/efsajournal/pub/1550
E515 - Potassium sulphates,"Acidity regulator, potassium salt of sulfuric acid.",,free,https://en.wikipedia.org/wiki/Potassium_sulfate
E332ii - Tripotassium citrate,"Acidity regulator, potassium salt of citric acid.",,free,https://www.efsa.europa.eu/en/efsajournal/pub/1647
E264 - Ammonium acetate,"Preservative, acidity regulator.",,free,https://en.wikipedia.org/wiki/Ammonium_acetate
E203 - Calcium sorbate,"Preservative, calcium salt of sorbic acid.",,free,https://en.wikipedia.org/wiki/Calcium_sorbate
E140i - Chlorophylls,Natural green pigments from plants.,,free,https://www.efsa.europa.eu/en/efsajournal/pub/1530
E201 - Sodium sorbate,"Preservative, sodium salt of sorbic acid.",,free,https://en.wikipedia.org/wiki/Sodium_sorbate
E472e - Mono- and diacetyltartaric acid esters of mono- and diglycerides of fatty acids,"Emulsifier, stabilizer.",,free,https://www.efsa.europa.eu/en/efsajournal/pub/1543
E122 - Azorubine,Synthetic red dye.,,moderate risk,https://www.efsa.europa.eu/en/efsajournal/pub/1538
E905g - Mineral oil medium and low viscosity class III,"Glazing agent, lubricant.",,free,https://en.wikipedia.org/wiki/Mineral_oil
E226 - Calcium sulphite,"Preservative, calcium salt of sulfurous acid.",,moderate risk,https://en.wikipedia.org/wiki/Calcium_sulfite
E217 - Sodium propyl para-hydroxybenzoate,Preservative.,,moderate risk,https://en.wikipedia.org/wiki/Paraben
E1452 - Starch aluminium octenyl succinate,"Modified starch, thickener.",,free,https://www.efsa.europa.eu/en/efsajournal/pub/1538
E165 - Gardenia Blue,Natural blue colorant from gardenia fruit.,,free,https://en.wikipedia.org/wiki/Gardenia_blue
E141 - Copper complexes of chlorophylls and chlorophyllins,"Green colorant, copper salt of chlorophylls and chlorophyllins.",,free,https://www.efsa.europa.eu/en/efsajournal/pub/1530
E143 - Fast Green FCF,Synthetic green dye.,,moderate risk,https://www.efsa.europa.eu/en/efsajournal/pub/1538
E440b - pectin amide,"Modified pectin, thickener.",,free,https://en.wikipedia.org/wiki/Pectin
E920 - l-cysteine,"Flour treatment agent, amino acid.",,free,https://en.wikipedia.org/wiki/L-Cysteine
E320 - Butylated hydroxyanisole (bha),"Antioxidant, preservative.",,moderate risk,https://www.efsa.europa.eu/en/efsajournal/pub/1544
E905cii - Paraffin wax,"Glazing agent, wax.",,free,https://en.wikipedia.org/wiki/Paraffin_wax
E219 - Sodium methyl p-hydroxybenzoate,Preservative.,,moderate risk,https://en.wikipedia.org/wiki/Paraben
E414 - Acacia gum,"Thickener, stabilizer from acacia trees.",,free,https://www.efsa.europa.eu/en/efsajournal/pub/3145
E150b - Caustic sulphite caramel,"Brown colorant, caramel type II.",,free,https://en.wikipedia.org/wiki/Caramel_color
E1505 - Triethyl citrate,"Stabilizer, emulsifier.",,free,https://en.wikipedia.org/wiki/Triethyl_citrate
E341ii - Dicalcium phosphate,"Leavening agent, calcium supplement.",,free,https://www.efsa.europa.eu/en/efsajournal/pub/1550
E930 - calcium peroxide,"Flour treatment agent, bleaching agent.",,moderate risk,https://en.wikipedia.org/wiki/Calcium_peroxide
E330 - Citric acid,"Acidity regulator, flavoring agent.",,free,https://www.efsa.europa.eu/en/efsajournal/pub/1647
E451 - Triphosphates,"Emulsifier, stabilizer.",,free,https://www.efsa.europa.eu/en/efsajournal/pub/3146
E965ii - Maltitol syrup,"Sweetener, sugar alcohol syrup.",,free,https://www.efsa.europa.eu/en/efsajournal/pub/1549
E510 - Ammonium chloride,"Acidity regulator, flavor enhancer.",,free,https://en.wikipedia.org/wiki/Ammonium_chloride
E343ii - Dimagnesium phosphate,"Acidity regulator, magnesium supplement.",,free,https://www.efsa.europa.eu/en/efsajournal/pub/1547
E467 - Ethulose,"Thickener, stabilizer.",,free,https://en.wikipedia.org/wiki/Ethulose
E161j - Astaxanthin,"Red pigment, carotenoid.",,free,https://en.wikipedia.org/wiki/Astaxanthin
E962 - Salt of aspartame-acesulfame,Artificial sweetener blend.,,free,https://www.efsa.europa.eu/en/efsajournal/pub/1537
No1 - n1,Unknown or not classified.,,unknown,
E161i - Citranaxanthin,"Orange pigment, carotenoid.",,free,https://en.wikipedia.org/wiki/Citranaxanthin
E418 - Gellan gum,"Thickener, stabilizer from bacteria.",,free,https://www.efsa.europa.eu/en/efsajournal/pub/3145
E325 - sodium lactate,"Acidity regulator, sodium salt of lactic acid.",,free,https://en.wikipedia.org/wiki/Sodium_lactate
E925 - Chlorine,"Flour treatment agent, disinfectant.",,moderate risk,https://en.wikipedia.org/wiki/Chlorine
No11 - n11,Unknown or not classified.,,unknown,
Mono- and diglycerides of vegetable fatty acids,"Emulsifier, stabilizer.",,free,https://www.efsa.europa.eu/en/efsajournal/pub/1543
E322ii - Partially hydrolyzed lecithin,"Emulsifier, stabilizer.",,free,https://www.efsa.europa.eu/en/efsajournal/pub/1551
E333i - Monocalcium citrate,"Calcium supplement, acidity regulator.",,free,https://www.efsa.europa.eu/en/efsajournal/pub/1647
E132 - Indigotine,Synthetic blue dye.,,moderate risk,https://www.efsa.europa.eu/en/efsajournal/pub/1538
E469 - Enzymatically hydrolysed carboxymethylcellulose,"Thickener, stabilizer.",,free,https://en.wikipedia.org/wiki/Carboxymethyl_cellulose
E1402 - Alkaline modified starch,"Modified starch, thickener.",,free,https://www.efsa.europa.eu/en/efsajournal/pub/1538
E331i - Monosodium citrate,"Acidity regulator, sodium salt of citric acid.",,free,https://www.efsa.europa.eu/en/efsajournal/pub/1647
E450i - Disodium diphosphate,"Emulsifier, stabilizer.",,free,https://www.efsa.europa.eu/en/efsajournal/pub/3146
E163e - Peonidin,"Anthocyanin pigment, red-blue colorant.",,free,https://en.wikipedia.org/wiki/Peonidin
E160 - Carotenoids,Natural yellow-orange pigments.,,free,https://en.wikipedia.org/wiki/Carotenoid
E236 - Formic acid,"Preservative, acidity regulator.",,free,https://en.wikipedia.org/wiki/Formic_acid
E161e - Violaxanthin,"Yellow pigment, carotenoid.",,free,https://en.wikipedia.org/wiki/Violaxanthin
E252 - Potassium nitrate,"Preservative, curing agent.",,moderate risk,https://en.wikipedia.org/wiki/Potassium_nitrate
E577 - Potassium gluconate,"Potassium supplement, stabilizer.",,free,https://en.wikipedia.org/wiki/Potassium_gluconate
E1413 - Phosphated distarch phosphate,"Modified starch, thickener.",,free,https://www.efsa.europa.eu/en/efsajournal/pub/1538
E960a - Steviol glycosides from Stevia,Sweetener from stevia plant.,,free,https://www.efsa.europa.eu/en/efsajournal/pub/1537
E1200 - Polydextrose,"Bulking agent, soluble fiber.",,free,https://www.efsa.europa.eu/en/efsajournal/pub/1537
E504ii - Magnesium hydroxide carbonate,"Acidity regulator, magnesium supplement.",,free,https://en.wikipedia.org/wiki/Magnesium_hydroxide
E641 - Leucine,"Amino acid, nutrient.",,free,https://en.wikipedia.org/wiki/Leucine
E542 - Bone phosphate,"Anti-caking agent, from animal bones.",,free,https://en.wikipedia.org/wiki/Bone_phosphate
Colour - color,General term for color additives.,,varies,
E523 - Aluminium ammonium sulphate,"Firming agent, acidity regulator.",,free,https://en.wikipedia.org/wiki/Aluminium_ammonium_sulfate
E622 - Monopotassium glutamate,"Flavor enhancer, potassium salt of glutamic acid.",,free,https://en.wikipedia.org/wiki/Monopotassium_glutamate
E521 - Aluminium sodium sulphate,"Firming agent, acidity regulator.",,free,https://en.wikipedia.org/wiki/Aluminium_sodium_sulfate
E579 - iron gluconate,"Color retention agent, iron supplement.",,free,https://en.wikipedia.org/wiki/Iron(II)_gluconate
E472d - Tartaric acid esters of mono- and diglycerides of fatty acids,"Emulsifier, stabilizer.",,free,https://www.efsa.europa.eu/en/efsajournal/pub/1543
E496 - Sorbitan trioleate,"Emulsifier, stabilizer.",,free,https://en.wikipedia.org/wiki/Sorbitan_trioleate
E385 - Calcium disodium ethylenediaminetetraacetate,"Preservative, sequestrant.",,free,https://en.wikipedia.org/wiki/Calcium_disodium_EDTA
E174 - Silver,"Colorant, decorative coating.",,free,https://en.wikipedia.org/wiki/Silver_as_an_investment#Edible_silver
E1104 - lipase,"Enzyme, used in cheese making.",,free,https://en.wikipedia.org/wiki/Lipase
E472f - Mixed acetic and tartaric acid esters of mono- and diglycerides of fatty acids,"Emulsifier, stabilizer.",,free,https://www.efsa.europa.eu/en/efsajournal/pub/1543
E640i - Glycine,"Amino acid, nutrient.",,free,https://en.wikipedia.org/wiki/Glycine
E473a - Oligoesters of sucrose type I,"Emulsifier, stabilizer.",,free,
E911 - Fatty acid methyl ester,"Emulsifier, stabilizer.",,free,https://en.wikipedia.org/wiki/Fatty_acid_methyl_ester
E161d - Rubixanthin,"Orange pigment, carotenoid.",,free,https://en.wikipedia.org/wiki/Rubixanthin
E182 - Orcein,Natural red-violet dye from lichens.,,free,https://en.wikipedia.org/wiki/Orcein
E632 - Dipotassium inosinate,"Flavor enhancer, nucleotide.",,free,https://en.wikipedia.org/wiki/Dipotassium_inosinate
E311 - Octyl gallate,"Antioxidant, preservative.",,free,https://en.wikipedia.org/wiki/Octyl_gallate
E270 - Lactic acid,"Acidity regulator, flavoring agent.",,free,https://www.efsa.europa.eu/en/efsajournal/pub/1537
E313 - Ethyl gallate,"Antioxidant, preservative.",,free,https://en.wikipedia.org/wiki/Ethyl_gallate
E163d - Pelargonidin,"Anthocyanin pigment, red colorant.",,free,https://en.wikipedia.org/wiki/Pelargonidin
E913 - Lanolin,"Glazing agent, wax from sheep wool.",,free,https://en.wikipedia.org/wiki/Lanolin
E354 - Calcium tartrate,"Acidity regulator, calcium salt of tartaric acid.",,free,https://en.wikipedia.org/wiki/Calcium_tartrate
E307 - Alpha-tocopherol,"Natural vitamin E, antioxidant.",,free,https://www.efsa.europa.eu/en/efsajournal/pub/1816
E954 - saccharin and its salts,Artificial sweetener.,,moderate risk,https://www.efsa.europa.eu/en/efsajournal/pub/1537
E907 - Hydrogenated poly-1-decene,"Glazing agent, lubricant.",,free,https://en.wikipedia.org/wiki/Polydecene
E14XX - Modified Starch,General term for modified starches.,,free,https://www.efsa.europa.eu/en/efsajournal/pub/1538
E440aii - Sodium pectate,"Sodium salt of pectin, thickener.",,free,https://en.wikipedia.org/wiki/Pectin
E161f - Rhodoxanthin,"Red pigment, carotenoid.",,free,https://en.wikipedia.org/wiki/Rhodoxanthin
E402 - Potassium alginate,"Thickener, stabilizer from seaweed.",,free,https://en.wikipedia.org/wiki/Potassium_alginate
E163f - Petunidin,"Anthocyanin pigment, purple colorant.",,free,https://en.wikipedia.org/wiki/Petunidin
E943a - Butane,"Propellant gas, rarely used in food.",,moderate risk,https://en.wikipedia.org/wiki/Butane
Potassium iodide,"Iodine supplement, nutrient.",,free,https://en.wikipedia.org/wiki/Potassium_iodide
E380 - Triammonium citrate,"Acidity regulator, ammonium salt of citric acid.",,free,https://en.wikipedia.org/wiki/Ammonium_citrate
E322a - Oat lecithin,Emulsifier from oats.,,free,https://en.wikipedia.org/wiki/Lecithin
E309 - Delta-tocopherol,"Form of vitamin E, antioxidant.",,free,https://www.efsa.europa.eu/en/efsajournal/pub/1816
E958 - Glycyrrhizin,Sweetener from licorice root.,,free,https://en.wikipedia.org/wiki/Glycyrrhizin
E909 - Spermaceti,"Glazing agent, wax from sperm whale oil (now synthetic).",,free,https://en.wikipedia.org/wiki/Spermaceti
E446 - Succistearin,"Emulsifier, stabilizer.",,free,https://en.wikipedia.org/wiki/Succistearin
E905b - petroleum jelly,"Glazing agent, lubricant.",,free,https://en.wikipedia.org/wiki/Petroleum_jelly
E424 - Curdlan,"Thickener, stabilizer from bacteria.",,free,https://en.wikipedia.org/wiki/Curdlan
E520 - Aluminium sulphate,"Firming agent, acidity regulator.",,free,https://en.wikipedia.org/wiki/Aluminium_sulfate
E466 - Sodium carboxy methyl cellulose,"Thickener, stabilizer.",,free,https://en.wikipedia.org/wiki/Carboxymethyl_cellulose
E1420 - Acetylated starch,"Modified starch, thickener.",,free,https://www.efsa.europa.eu/en/efsajournal/pub/1538
E239 - Hexamethylene tetramine,"Preservative, rarely used in food.",,moderate risk,https://en.wikipedia.org/wiki/Hexamethylenetetramine
No2 - n2,Unknown or not classified.,,unknown,
E915 - Esters of Colophane,"Glazing agent, resin esters.",,free,https://en.wikipedia.org/wiki/Colophony
E315 - Erythorbic acid,"Antioxidant, preservative.",,free,https://en.wikipedia.org/wiki/Erythorbic_acid
E535 - Sodium ferrocyanide,Anti-caking agent.,,free,https://en.wikipedia.org/wiki/Sodium_ferrocyanide
E428 - Gelatine,"Gelling agent, protein from animal collagen.",,free,https://en.wikipedia.org/wiki/Gelatin
E1210 - Carbomer,"Thickener, stabilizer, synthetic polymer.",,free,https://en.wikipedia.org/wiki/Carbomer
E640 - Glycine and its sodium salt,"Amino acid, nutrient.",,free,https://en.wikipedia.org/wiki/Glycine
N° - no,Unknown or not classified.,,unknown,
E1403 - Bleached starch,"Modified starch, thickener.",,free,https://www.efsa.europa.eu/en/efsajournal/pub/1538
E237 - Sodium formiate,"Preservative, sodium salt of formic acid.",,free,https://en.wikipedia.org/wiki/Sodium_formate
E1518 - Glyceryl triacetate,"Emulsifier, stabilizer.",,free,https://en.wikipedia.org/wiki/Triacetin
E525 - Potassium hydroxide,"Acidity regulator, potassium supplement.",,free,https://en.wikipedia.org/wiki/Potassium_hydroxide
E381 - ferric ammonium citrate,"Acidity regulator, iron supplement.",,free,https://en.wikipedia.org/wiki/Ferric_ammonium_citrate
E900b - Methylphenylpolysiloxane,"Anti-foaming agent, silicone compound.",,free,https://en.wikipedia.org/wiki/Polysiloxane
E383 - calcium glycerophosphate,"Calcium supplement, acidity regulator.",,free,https://en.wikipedia.org/wiki/Calcium_glycerophosphate
E960c - Enzymatically produced steviol glycosides,Sweetener from stevia plant.,,free,https://www.efsa.europa.eu/en/efsajournal/pub/1537
E227 - Calcium bisulphite,"Preservative, calcium salt of sulfurous acid.",,moderate risk,https://en.wikipedia.org/wiki/Calcium_bisulfite
E216 - Propyl para-hydroxybenzoate,Preservative.,,moderate risk,https://en.wikipedia.org/wiki/Paraben
E434 - Polyoxyethylene sorbitan monopalmitate,"Emulsifier, stabilizer.",,free,https://en.wikipedia.org/wiki/Polysorbate_40
E160ai - Beta-carotene,"Natural orange pigment, provitamin A.",,free,https://en.wikipedia.org/wiki/Beta-Carotene
E160f - Ethyl ester of beta-apo-8'-carotenic acid (C 30),"Orange colorant, carotenoid.",,free,https://en.wikipedia.org/wiki/Beta-apo-8%27-carotenal
E310 - Propyl gallate,"Antioxidant, preservative.",,moderate risk,https://en.wikipedia.org/wiki/Propyl_gallate
E160d - Lycopene,Natural red pigment from tomatoes.,,free,https://en.wikipedia.org/wiki/Lycopene
E910 - Wax ester,"Glazing agent, wax.",,free,https://en.wikipedia.org/wiki/Wax_ester
E530 - Magnesium oxide,"Acidity regulator, magnesium supplement.",,free,https://en.wikipedia.org/wiki/Magnesium_oxide
E541ii - Alkaline sodium aluminium phosphate,"Leavening agent, acidity regulator.",,free,https://en.wikipedia.org/wiki/Sodium_aluminium_phosphate
E470a - Sodium/potassium and calcium salts of fatty acids,"Emulsifier, stabilizer.",,free,https://www.efsa.europa.eu/en/efsajournal/pub/1555
No3 - n3,Unknown or not classified.,,unknown,
E450viii,"Phosphate salt, acidity regulator.",,free,https://www.efsa.europa.eu/en/efsajournal/pub/3146
E180 - Litholrubine bk,Synthetic red dye.,,moderate risk,https://en.wikipedia.org/wiki/Lithol_Rubine_BK
E630 - Inosinic acid,"Flavor enhancer, nucleotide.",,free,https://en.wikipedia.org/wiki/Inosinic_acid
E545 - Ammonium polyphosphate,"Emulsifier, stabilizer.",,free,https://en.wikipedia.org/wiki/Ammonium_polyphosphate
E161c - Cryptoaxanthin,"Orange pigment, carotenoid.",,free,https://en.wikipedia.org/wiki/Cryptoxanthin
No9 - n9,Unknown or not classified.,,unknown,
E489 - Methyl glucoside-coconut oil ester,"Emulsifier, stabilizer.",,free,
E504 - Magnesium carbonates,"Acidity regulator, magnesium supplement.",,free,https://en.wikipedia.org/wiki/Magnesium_carbonate
E557 - hemimorphite,"Anti-caking agent, zinc silicate mineral.",,free,https://en.wikipedia.org/wiki/Hemimorphite
E163c - Malvidin,"Anthocyanin pigment, purple colorant.",,free,https://en.wikipedia.org/wiki/Malvidin
E494 - Sorbitan monooleate,"Emulsifier, stabilizer.",,free,https://en.wikipedia.org/wiki/Sorbitan_monooleate
E400 - Alginic acid,"Thickener, stabilizer from seaweed.",,free,https://en.wikipedia.org/wiki/Alginic_acid
E111 - Orange GGN,"Synthetic orange dye, not approved in EU.",,high risk,https://en.wikipedia.org/wiki/Orange_GGN
E559 - Aluminium silicate,Anti-caking agent.,,free,https://en.wikipedia.org/wiki/Aluminium_silicate
E508 - Potassium chloride,"Salt substitute, potassium supplement.",,free,https://en.wikipedia.org/wiki/Potassium_chloride
E487 - sodium dodecyl sulfate,"Emulsifier, stabilizer.",,free,https://en.wikipedia.org/wiki/Sodium_dodecyl_sulfate
E107 - Yellow 2G,"Synthetic yellow dye, not approved in EU.",,high risk,https://en.wikipedia.org/wiki/Yellow_2G
E154 - Brown FK,"Synthetic brown dye, not approved in EU.",,high risk,https://en.wikipedia.org/wiki/Brown_FK
E161h - Zeaxanthin,"Yellow pigment, carotenoid.",,free,https://en.wikipedia.org/wiki/Zeaxanthin
E1207 - Anionic methacrylate copolymer,Coating agent for food supplements.,,free,https://www.efsa.europa.eu/en/efsajournal/pub/3148
E249 - Potassium nitrite,"Preservative, curing agent.",,moderate risk,https://en.wikipedia.org/wiki/Potassium_nitrite
E625 - Magnesium diglutamate,"Flavor enhancer, magnesium salt of glutamic acid.",,free,https://en.wikipedia.org/wiki/Magnesium_diglutamate
E553b - Talc,"Anti-caking agent, magnesium silicate.",,free,https://en.wikipedia.org/wiki/Talc
E250 - Sodium nitrite,"Preservative, curing agent.",,moderate risk,https://en.wikipedia.org/wiki/Sodium_nitrite
E444 - Sucrose acetate isobutyrate,"Stabilizer, emulsifier.",,free,https://en.wikipedia.org/wiki/Sucrose_acetate_isobutyrate
Nucleic acids,General term for nucleic acid additives.,,free,
E1209 - Polyvinyl alcohol-polyethylene glycol-graft-co-polymer,Coating agent for food supplements.,,free,https://www.efsa.europa.eu/en/efsajournal/pub/3148
E297 - Fumaric acid,"Acidity regulator, flavoring agent.",,free,https://en.wikipedia.org/wiki/Fumaric_acid
E405 - Propane-1‚2-diol alginate,"Thickener, stabilizer.",,free,https://en.wikipedia.org/wiki/Propylene_glycol_alginate
E924b - Calcium bromate,"Flour treatment agent, not approved in EU.",,high risk,https://en.wikipedia.org/wiki/Calcium_bromate
E414a - E414a food additive,Unknown or not classified.,,unknown,
No4 - n4,Unknown or not classified.,,unknown,
E635 - Disodium 5'-ribonucleotide,"Flavor enhancer, nucleotide blend.",,free,https://en.wikipedia.org/wiki/Disodium_5%27-ribonucleotide
E540 - Dicalcium diphosphate,"Acidity regulator, calcium supplement.",,free,https://en.wikipedia.org/wiki/Dicalcium_phosphate
E440aiv - Ammonium Pectate,"Ammonium salt of pectin, thickener.",,free,https://en.wikipedia.org/wiki/Pectin
E472c - Citric acid esters of mono- and diglycerides of fatty acids,"Emulsifier, stabilizer.",,free,https://www.efsa.europa.eu/en/efsajournal/pub/1543
E620 - Glutamic acid,"Flavor enhancer, amino acid.",,free,https://en.wikipedia.org/wiki/Glutamic_acid
E1410 - Monostarch phosphate,"Modified starch, thickener.",,free,https://www.efsa.europa.eu/en/efsajournal/pub/1538
E160a - carotene,"Natural orange pigment, provitamin A.",,free,https://en.wikipedia.org/wiki/Carotene
E356 - Sodium adipate,"Acidity regulator, sodium salt of adipic acid.",,free,https://en.wikipedia.org/wiki/Sodium_adipate
E956 - Alitame,Artificial sweetener.,,free,https://en.wikipedia.org/wiki/Alitame
E1430 - Distarch glycerine,"Modified starch, thickener.",,free,https://www.efsa.europa.eu/en/efsajournal/pub/1538
E284 - Boric acid,"Preservative, acidity regulator.",,moderate risk,https://en.wikipedia.org/wiki/Boric_acid
E1203 - Polyvinyl alcohol,"Coating agent, stabilizer.",,free,https://en.wikipedia.org/wiki/Polyvinyl_alcohol
E470ai - Sodium salts of fatty acids,"Emulsifier, stabilizer.",,free,https://www.efsa.europa.eu/en/efsajournal/pub/1555
E541i - Acid sodium aluminium phosphate,"Leavening agent, acidity regulator.",,free,https://en.wikipedia.org/wiki/Sodium_aluminium_phosphate
E1102 - Glucose oxidase,"Enzyme, used in baking.",,free,https://en.wikipedia.org/wiki/Glucose_oxidase
E1450 - Starch sodium octenyl succinate,"Modified starch, thickener.",,free,https://www.efsa.europa.eu/en/efsajournal/pub/1538
E468 - Cross-linked sodium carboxymethylcellulose,"Thickener, stabilizer.",,free,https://en.wikipedia.org/wiki/Carboxymethyl_cellulose
E110 - Sunset yellow FCF,Synthetic yellow dye.,,moderate risk,https://www.efsa.europa.eu/en/efsajournal/pub/1538
E960d - Glucosylated steviol glycosides,Sweetener from stevia plant.,,free,https://www.efsa.europa.eu/en/efsajournal/pub/1537
E504i - Magnesium carbonate,"Acidity regulator, magnesium supplement.",,free,https://en.wikipedia.org/wiki/Magnesium_carbonate
E419 - Gum ghatti,"Thickener, stabilizer from ghatti tree.",,free,https://en.wikipedia.org/wiki/Gum_ghatti
E403 - Ammonium alginate,"Thickener, stabilizer from seaweed.",,free,https://en.wikipedia.org/wiki/Ammonium_alginate
E464 - Hydroxypropyl methyl cellulose,"Thickener, stabilizer.",,free,https://en.wikipedia.org/wiki/Hydroxypropyl_methylcellulose
E401 - sodium alginate,"Thickener, stabilizer from seaweed.",,free,https://en.wikipedia.org/wiki/Sodium_alginate
No6 - n6,Unknown or not classified.,,unknown,
E312 - Dodecyl gallate,"Antioxidant, preservative.",,free,https://en.wikipedia.org/wiki/Dodecyl_gallate
E640ii - Sodiumglycinate,"Amino acid, nutrient.",,free,https://en.wikipedia.org/wiki/Glycine
E631 - Disodium inosinate,"Flavor enhancer, nucleotide.",,free,https://en.wikipedia.org/wiki/Disodium_inosinate
E181 - Tannin,"Astringent, flavoring agent.",,free,https://en.wikipedia.org/wiki/Tannin
E912 - Montanic acid esters,"Glazing agent, wax.",,free,https://en.wikipedia.org/wiki/Montan_wax
E472a - Acetic acid esters of mono- and diglycerides of fatty acids,"Emulsifier, stabilizer.",,free,https://www.efsa.europa.eu/en/efsajournal/pub/1543
E633 - Calcium inosinate,"Flavor enhancer, nucleotide.",,free,https://en.wikipedia.org/wiki/Calcium_inosinate
E560 - Potassium silicate,"Anti-caking agent, potassium supplement.",,free,https://en.wikipedia.org/wiki/Potassium_silicate
E426 - Soybean hemicellulose,"Thickener, stabilizer from soybeans.",,free,https://en.wikipedia.org/wiki/Hemicellulose
E160c - Paprika extract,Natural red colorant from paprika.,,free,https://en.wikipedia.org/wiki/Paprika_oleoresin
E417 - Tara gum,"Thickener, stabilizer from tara tree.",,free,https://en.wikipedia.org/wiki/Tara_gum
E218 - Methyl p-hydroxybenzoate,"Preservative, paraben family.",,moderate risk,https://en.wikipedia.org/wiki/Methylparaben
E1521 - Polyethylene glycol,"Humectant, stabilizer.",,free,https://en.wikipedia.org/wiki/Polyethylene_glycol
E623 - Calcium diglutamate,"Flavor enhancer, calcium salt of glutamic acid.",,free,https://en.wikipedia.org/wiki/Calcium_diglutamate
E522 - Aluminium potassium sulphate,"Firming agent, acidity regulator.",,free,https://en.wikipedia.org/wiki/Alum
E621 - Monosodium glutamate,"Flavor enhancer, sodium salt of glutamic acid.",,free,https://en.wikipedia.org/wiki/Monosodium_glutamate
E1400 - Dextrin,"Thickener, stabilizer, carbohydrate.",,free,https://en.wikipedia.org/wiki/Dextrin
E161a - Flavoxanthin,"Yellow pigment, carotenoid.",,free,https://en.wikipedia.org/wiki/Flavoxanthin
E436 - Polyoxyethylene sorbitan tristearate,"Emulsifier, stabilizer.",,free,https://en.wikipedia.org/wiki/Polysorbate_65
E163a - Cyanidin,"Anthocyanin pigment, red colorant.",,free,https://en.wikipedia.org/wiki/Cyanidin
E214 - Ethyl p-hydroxybenzoate,"Preservative, paraben family.",,moderate risk,https://en.wikipedia.org/wiki/Ethylparaben
E541 - Sodium aluminium phosphate,"Leavening agent, acidity regulator.",,free,https://en.wikipedia.org/wiki/Sodium_aluminium_phosphate
E642,"Amino acid, nutrient (possibly L-glutamine).",,free,https://en.wikipedia.org/wiki/Glutamine
E543 - E543 food additive,Unknown or not classified.,,unknown,
E251 - Sodium nitrate,"Preservative, curing agent.",,moderate risk,https://en.wikipedia.org/wiki/Sodium_nitrate
E1423 - Acetylated distarch glycerol,"Modified starch, thickener.",,free,https://www.efsa.europa.eu/en/efsajournal/pub/1538
E220 - Sulphur dioxide,"Preservative, antioxidant.",,moderate risk,https://en.wikipedia.org/wiki/Sulfur_dioxide
E161g - Canthaxanthin,"Orange pigment, carotenoid.",,free,https://en.wikipedia.org/wiki/Canthaxanthin
E539 - sodium thiosulfate,"Preservative, antioxidant.",,free,https://en.wikipedia.org/wiki/Sodium_thiosulfate
E1401 - Acid-treated modified starch,"Modified starch, thickener.",,free,https://www.efsa.europa.eu/en/efsajournal/pub/1538
E319 - Tertiary-butylhydroquinone (tbhq),"Antioxidant, preservative.",,moderate risk,https://en.wikipedia.org/wiki/Tert-Butylhydroquinone
E919 - Nitrosyl chloride,"Preservative, rarely used in food.",,moderate risk,https://en.wikipedia.org/wiki/Nitrosyl_chloride
E307b - concentrated tocopherol,"Vitamin E concentrate, antioxidant.",,free,https://www.efsa.europa.eu/en/efsajournal/pub/1816
E1520 - Propylene Glycol,"Humectant, solvent, stabilizer.",,free,https://en.wikipedia.org/wiki/Propylene_glycol
E368 - ammonium fumarate,"Acidity regulator, ammonium salt of fumaric acid.",,free,https://en.wikipedia.org/wiki/Ammonium_fumarate
E968 - Erythritol,"Sugar alcohol, sweetener.",,free,https://en.wikipedia.org/wiki/Erythritol
E650 - Zinc acetate,"Zinc supplement, acidity regulator.",,free,https://en.wikipedia.org/wiki/Zinc_acetate
E412 - Guar gum,"Thickener, stabilizer from guar beans.",,free,https://en.wikipedia.org/wiki/Guar_gum
E537 - ferrous hexacyanomanganate,"Anti-caking agent, iron supplement.",,free,https://en.wikipedia.org/wiki/Ferrocyanide
E317 - Erythorbin acid,"Antioxidant, preservative.",,free,https://en.wikipedia.org/wiki/Erythorbic_acid
E917 - potassium iodate,"Iodine supplement, flour treatment agent.",,free,https://en.wikipedia.org/wiki/Potassium_iodate
E326 - potassium lactate,"Acidity regulator, potassium salt of lactic acid.",,free,https://en.wikipedia.org/wiki/Potassium_lactate
E926 - Chlorine dioxide,"Flour treatment agent, disinfectant.",,moderate risk,https://en.wikipedia.org/wiki/Chlorine_dioxide
E1503 - Castor oil,"Glazing agent, laxative.",,free,https://en.wikipedia.org/wiki/Castor_oil
E235 - Natamycin,"Preservative, antifungal agent.",,free,https://en.wikipedia.org/wiki/Natamycin
E901 - white and yellow beeswax,"Glazing agent, wax from bees.",,free,https://en.wikipedia.org/wiki/Beeswax
Isomaltose,"Sugar, carbohydrate.",,free,https://en.wikipedia.org/wiki/Isomaltose
E301 - Sodium ascorbate,"Antioxidant, vitamin C derivative.",,free,https://en.wikipedia.org/wiki/Sodium_ascorbate
E964 - Polyglycitol syrup,"Sweetener, sugar alcohol syrup.",,free,https://en.wikipedia.org/wiki/Polyglycitol_syrup
E303 - Potassium ascorbate,"Antioxidant, vitamin C derivative.",,free,https://en.wikipedia.org/wiki/Potassium_ascorbate
E903 - Carnauba wax,"Glazing agent, wax from carnauba palm.",,free,https://en.wikipedia.org/wiki/Carnauba_wax
E101ii - Riboflavin-5′-phosphate,"Vitamin B2 derivative, colorant.",,free,https://en.wikipedia.org/wiki/Riboflavin_5%27-phosphate
E336 - Potassium tartrates,"Acidity regulator, potassium salt of tartaric acid.",,free,https://en.wikipedia.org/wiki/Potassium_tartrate
E516 - Calcium sulphate,"Firming agent, calcium supplement.",,free,https://en.wikipedia.org/wiki/Calcium_sulfate
E160aii - Plant carotenes,"Natural orange pigment, provitamin A.",,free,https://en.wikipedia.org/wiki/Carotene
E527 - Ammonium hydroxide,"Acidity regulator, leavening agent.",,free,https://en.wikipedia.org/wiki/Ammonium_hydroxide
E128 - Red 2G,"Synthetic red dye, not approved in EU.",,high risk,https://en.wikipedia.org/wiki/Red_2G
E225 - Calcium Disulphite,"Preservative, calcium salt of sulfurous acid.",,moderate risk,https://en.wikipedia.org/wiki/Calcium_disulfite
E1451 - Acetylated oxidised starch,"Modified starch, thickener.",,free,https://www.efsa.europa.eu/en/efsajournal/pub/1538
E166 - Sandalwood,Natural red colorant from sandalwood.,,free,https://en.wikipedia.org/wiki/Santalin
E571,"Fatty acid, anti-caking agent.",,free,https://en.wikipedia.org/wiki/Stearic_acid
E472g - Succinylated monoglycerides,"Emulsifier, stabilizer.",,free,https://en.wikipedia.org/wiki/Monoglyceride
E230 - Biphenyl,"Preservative, fungicide.",,moderate risk,https://en.wikipedia.org/wiki/Biphenyl
E573 - Aluminium stearate,"Emulsifier, stabilizer.",,free,https://en.wikipedia.org/wiki/Aluminium_stearate
E514ii - Sodium hydrogen sulphate,"Acidity regulator, sodium salt of sulfuric acid.",,free,https://en.wikipedia.org/wiki/Sodium_bisulfate
E529 - Calcium oxide,"Acidity regulator, calcium supplement.",,free,https://en.wikipedia.org/wiki/Calcium_oxide
E262 - Sodium acetates,"Acidity regulator, sodium salt of acetic acid.",,free,https://en.wikipedia.org/wiki/Sodium_acetate
E905e - Mineral oil medium viscosity,"Glazing agent, lubricant.",,free,https://en.wikipedia.org/wiki/Mineral_oil
E124 - Ponceau 4r,Synthetic red dye.,,moderate risk,https://en.wikipedia.org/wiki/Ponceau_4R
E575 - Glucono-delta-lactone,"Acidity regulator, leavening agent.",,free,https://en.wikipedia.org/wiki/Glucono_delta-lactone
E300 - Ascorbic acid,"Antioxidant, vitamin C.",,free,https://en.wikipedia.org/wiki/Ascorbic_acid
E900 - Dimethylpolysiloxane and Methylphenylpolysiloxane,"Anti-foaming agent, silicone compound.",,free,https://en.wikipedia.org/wiki/Polysiloxane
E242 - Dimethyl dicarbonate,"Preservative, sterilizing agent.",,free,https://en.wikipedia.org/wiki/Dimethyl_dicarbonate
E552 - Calcium silicate,"Anti-caking agent, calcium supplement.",,free,https://en.wikipedia.org/wiki/Calcium_silicate
Ammonium and sodium carbonates,General term for carbonate salts.,,free,
E150d - Sulphite ammonia caramel,"Brown colorant, caramel type IV.",,free,https://en.wikipedia.org/wiki/Caramel_color
E102 - Tartrazine,Synthetic yellow dye.,,moderate risk,https://en.wikipedia.org/wiki/Tartrazine
E221 - Sodium sulphite,"Preservative, antioxidant.",,moderate risk,https://en.wikipedia.org/wiki/Sodium_sulfite
E223 - Sodium metabisulphite,"Preservative, antioxidant.",,moderate risk,https://en.wikipedia.org/wiki/Sodium_metabisulfite
E482 - Calcium stearoyl-2-lactylate,"Emulsifier, stabilizer.",,free,https://en.wikipedia.org/wiki/Calcium_stearoyl-2-lactylate
E1411 - Distarch glycerol,"Modified starch, thickener.",,free,https://www.efsa.europa.eu/en/efsajournal/pub/1538
E1519 - Benzyl alcohol,"Flavoring agent, solvent.",,free,https://en.wikipedia.org/wiki/Benzyl_alcohol
E474 - Sucroglycerides,"Emulsifier, stabilizer.",,free,https://en.wikipedia.org/wiki/Sucroglycerides
E1517 - Glyceryl diacetate,"Emulsifier, stabilizer.",,free,https://en.wikipedia.org/wiki/Glyceryl_diacetate
E233 - Thiabendazole,"Preservative, fungicide.",,moderate risk,https://en.wikipedia.org/wiki/Thiabendazole
E570 - Fatty acids,"Emulsifier, stabilizer.",,free,https://en.wikipedia.org/wiki/Fatty_acid
E231 - Orthophenyl phenol,"Preservative, fungicide.",,moderate risk,https://en.wikipedia.org/wiki/2-Phenylphenol
E586 - 4-hexylresorcinol,"Preservative, antioxidant.",,free,https://en.wikipedia.org/wiki/4-Hexylresorcinol
No7 - n7,Unknown or not classified.,,unknown,
E905 - Synthetic wax,"Glazing agent, wax.",,free,https://en.wikipedia.org/wiki/Wax
E344 - Lecithin citrate,"Emulsifier, stabilizer.",,free,https://en.wikipedia.org/wiki/Lecithin
E944 - Propane,"Propellant gas, rarely used in food.",,moderate risk,https://en.wikipedia.org/wiki/Propane
E336i - Monopotassium tartrate,"Acidity regulator, potassium salt of tartaric acid.",,free,https://en.wikipedia.org/wiki/Potassium_tartrate
E478 - Lactylated fatty acid esters of glycerol and propane-1,"Emulsifier, stabilizer.",,free,https://en.wikipedia.org/wiki/Lactylate
E262i - Sodium acetate,"Acidity regulator, sodium salt of acetic acid.",,free,https://en.wikipedia.org/wiki/Sodium_acetate
E948 - Oxygen,"Packaging gas, inert gas.",,free,https://en.wikipedia.org/wiki/Oxygen
E366 - Potassium fumarate,"Acidity regulator, potassium salt of fumaric acid.",,free,https://en.wikipedia.org/wiki/Potassium_fumarate
E966 - Lactitol,"Sugar alcohol, sweetener.",,free,https://en.wikipedia.org/wiki/Lactitol
E150a - Plain caramel,"Brown colorant, caramel type I.",,free,https://en.wikipedia.org/wiki/Caramel_color
E324 - Ethoxyquin,"Preservative, antioxidant.",,moderate risk,https://en.wikipedia.org/wiki/Ethoxyquin
E924 - Potassium bromate,"Flour treatment agent, not approved in EU.",,high risk,https://en.wikipedia.org/wiki/Potassium_bromate
E232 - Sodium orthophenyl phenol,"Preservative, fungicide.",,moderate risk,https://en.wikipedia.org/wiki/2-Phenylphenol
E260 - Acetic acid,"Acidity regulator, flavoring agent.",,free,https://en.wikipedia.org/wiki/Acetic_acid
E328 - ammonium lactate,"Acidity regulator, ammonium salt of lactic acid.",,free,https://en.wikipedia.org/wiki/Ammonium_lactate
E928 - Benzole peroxide,"Flour treatment agent, bleaching agent.",,moderate risk,https://en.wikipedia.org/wiki/Benzoyl_peroxide
E1208 - Polyvinylpyrrolidone-vinyl acetate copolymer,Coating agent for food supplements.,,free,https://en.wikipedia.org/wiki/Polyvinylpyrrolidone
E415 - Xanthan gum,"Thickener, stabilizer from bacteria.",,free,https://en.wikipedia.org/wiki/Xanthan_gum
E222 - Sodium bisulphite,"Preservative, antioxidant.",,moderate risk,https://en.wikipedia.org/wiki/Sodium_bisulfite
E483 - Stearyl tartrate,"Emulsifier, stabilizer.",,free,https://en.wikipedia.org/wiki/Stearyl_tartrate
E481 - Sodium stearoyl-2-lactylate,"Emulsifier, stabilizer.",,free,https://en.wikipedia.org/wiki/Sodium_stearoyl-2-lactylate
E1421 - Acetylated starch,"Modified starch, thickener.",,free,https://www.efsa.europa.eu/en/efsajournal/pub/1538
E126 - Ponceau 6R,"Synthetic red dye, not approved in EU.",,high risk,https://en.wikipedia.org/wiki/Ponceau_6R
E1442 - Hydroxypropyl distarch phosphate,"Modified starch, thickener.",,free,https://www.efsa.europa.eu/en/efsajournal/pub/1538
E336ii - Dipotassium tartrate,"Acidity regulator, potassium salt of tartaric acid.",,free,https://en.wikipedia.org/wiki/Potassium_tartrate
E338 - Phosphoric acid,"Acidity regulator, flavoring agent.",,free,https://en.wikipedia.org/wiki/Phosphoric_acid
E938 - Argon,"Packaging gas, inert gas.",,free,https://en.wikipedia.org/wiki/Argon
E518 - Magnesium sulphate,"Firming agent, magnesium supplement.",,free,https://en.wikipedia.org/wiki/Magnesium_sulfate
E101 - Riboflavin,"Vitamin B2, colorant.",,free,https://en.wikipedia.org/wiki/Riboflavin
E164 - saffron,Natural yellow colorant from saffron.,,free,https://en.wikipedia.org/wiki/Saffron
E103 - Alkannin,Natural red colorant from Alkanna tinctoria.,,free,https://en.wikipedia.org/wiki/Alkannin
E553 - Magnesium silicates,"Anti-caking agent, magnesium supplement.",,free,https://en.wikipedia.org/wiki/Magnesium_silicate
E410 - Locust bean gum,"Thickener, stabilizer from carob seeds.",,free,https://en.wikipedia.org/wiki/Locust_bean_gum
E551 - Silicon dioxide,"Anti-caking agent, silica.",,free,https://en.wikipedia.org/wiki/Silicon_dioxide
E160aiv - Algal carotenes,Natural orange pigment from algae.,,free,https://en.wikipedia.org/wiki/Carotene
E334 - L(+)-tartaric acid,"Acidity regulator, flavoring agent.",,free,https://en.wikipedia.org/wiki/Tartaric_acid
E262ii - Sodium diacetate,"Acidity regulator, sodium salt of acetic acid.",,free,https://en.wikipedia.org/wiki/Sodium_diacetate
E514 - Sodium sulphates,"Acidity regulator, sodium salt of sulfuric acid.",,free,https://en.wikipedia.org/wiki/Sodium_sulfate
E243 - Ethyl lauroyl arginate,"Preservative, antimicrobial agent.",,free,https://en.wikipedia.org/wiki/Ethyl_lauroyl_arginate
E440a - Pectin,"Thickener, stabilizer from fruits.",,free,https://en.wikipedia.org/wiki/Pectin
E265 - Dehydroacetic acid,"Preservative, fungicide.",,free,https://en.wikipedia.org/wiki/Dehydroacetic_acid
E241 - Gum Guaicum,"Thickener, stabilizer from guaiacum trees.",,free,https://en.wikipedia.org/wiki/Gum_guaiac
E555 - Potassium aluminium silicate,"Anti-caking agent, potassium supplement.",,free,https://en.wikipedia.org/wiki/Potassium_aluminium_silicate
E572 - Magnesium stearate,"Anti-caking agent, magnesium supplement.",,free,https://en.wikipedia.org/wiki/Magnesium_stearate
E290 - Carbon dioxide,"Packaging gas, carbonation agent.",,free,https://en.wikipedia.org/wiki/Carbon_dioxide
E263 - Calcium acetate,"Acidity regulator, calcium supplement.",,free,https://en.wikipedia.org/wiki/Calcium_acetate
E629 - Calcium guanylate,"Flavor enhancer, nucleotide.",,free,https://en.wikipedia.org/wiki/Calcium_guanylate
E261 - Potassium acetate,"Acidity regulator, potassium salt of acetic acid.",,free,https://en.wikipedia.org/wiki/Potassium_acetate
E485 - Sodium stearoyl fumarate,"Emulsifier, stabilizer.",,free,https://en.wikipedia.org/wiki/Sodium_stearoyl_fumarate
E105 - E105 food additive,Unknown or not classified.,,unknown,
E627 - Disodium guanylate,"Flavor enhancer, nucleotide.",,free,https://en.wikipedia.org/wiki/Disodium_guanylate
E1201 - Polyvinylpyrrolidone,"Coating agent, stabilizer.",,free,https://en.wikipedia.org/wiki/Polyvinylpyrrolidone
E407 - Carrageenan,"Thickener, stabilizer from seaweed.",,free,https://en.wikipedia.org/wiki/Carrageenan
E302 - Calcium ascorbate,"Antioxidant, vitamin C derivative.",,free,https://en.wikipedia.org/wiki/Calcium_ascorbate
E902 - Candelilla wax,"Glazing agent, wax from candelilla shrub.",,free,https://en.wikipedia.org/wiki/Candelilla_wax
E1105 - Lysozyme,"Enzyme, preservative.",,free,https://en.wikipedia.org/wiki/Lysozyme
E101i - Riboflavin,"Vitamin B2, colorant.",,free,https://en.wikipedia.org/wiki/Riboflavin
E240 - Formaldehyde,"Preservative, not approved in food.",,high risk,https://en.wikipedia.org/wiki/Formaldehyde
E413 - Tragacanth,"Thickener, stabilizer from Astragalus plants.",,free,https://en.wikipedia.org/wiki/Tragacanth
E470aii - Potassium salts of fatty acids,"Emulsifier, stabilizer.",,free,https://www.efsa.europa.eu/en/efsajournal/pub/1555
E411 - E411 food additive,Unknown or not classified.,,unknown,
E150c - Ammonia caramel,"Brown colorant, caramel type III.",,free,https://en.wikipedia.org/wiki/Caramel_color
Organic acids,General term for organic acid additives.,,free,
E550 - Sodium silicate,"Anti-caking agent, sodium supplement.",,free,https://en.wikipedia.org/wiki/Sodium_silicate
E637 - Ethyl maltol,"Flavor enhancer, sweetener.",,free,https://en.wikipedia.org/wiki/Ethyl_maltol
No5 - n5,Unknown or not classified.,,unknown,
E514i - Sodium sulphate,"Acidity regulator, sodium salt of sulfuric acid.",,free,https://en.wikipedia.org/wiki/Sodium_sulfate
E946 - octafluorocyclobutane,"Propellant gas, rarely used in food.",,moderate risk,https://en.wikipedia.org/wiki/Octafluorocyclobutane
E458 - Gamma-Cyclodextrine,"Stabilizer, encapsulating agent.",,free,https://en.wikipedia.org/wiki/Gamma-Cyclodextrin
E409 - Arabinogalactan,"Thickener, stabilizer from larch trees.",,free,https://en.wikipedia.org/wiki/Arabinogalactan
E1510 - Ethanol,"Solvent, flavoring agent.",,free,https://en.wikipedia.org/wiki/Ethanol
E100 - Curcumin,Natural yellow colorant from turmeric.,,free,https://en.wikipedia.org/wiki/Curcumin
E476 - Polyglycerol polyricinoleate,"Emulsifier, stabilizer.",,free,https://en.wikipedia.org/wiki/Polyglycerol_polyricinoleate
E927a - Azodicarbonamide,"Flour treatment agent, not approved in EU.",,high risk,https://en.wikipedia.org/wiki/Azodicarbonamide
E501ii - Potassium hydrogen carbonate,"Leavening agent, acidity regulator.",,free,https://en.wikipedia.org/wiki/Potassium_bicarbonate
E170i - Calcium carbonate,"Acidity regulator, calcium supplement.",,free,https://en.wikipedia.org/wiki/Calcium_carbonate
E212 - Potassium benzoate,"Preservative, potassium salt of benzoic acid.",,free,https://en.wikipedia.org/wiki/Potassium_benzoate
E503ii - Ammonium hydrogen carbonate,"Leavening agent, acidity regulator.",,free,https://en.wikipedia.org/wiki/Ammonium_bicarbonate
E127 - Erythrosine,Synthetic red dye.,,moderate risk,https://en.wikipedia.org/wiki/Erythrosine
E528 - Magnesium hydroxide,"Acidity regulator, magnesium supplement.",,free,https://en.wikipedia.org/wiki/Magnesium_hydroxide
E435 - Polyoxyethylene sorbitan monostearate,"Emulsifier, stabilizer.",,free,https://en.wikipedia.org/wiki/Polysorbate_60
E460ii - Powdered cellulose,"Thickener, stabilizer, fiber.",,free,https://en.wikipedia.org/wiki/Cellulose
E160aiii - Beta-carotene from blakeslea trispora,Natural orange pigment from fungus.,,free,https://en.wikipedia.org/wiki/Beta-Carotene
E900a - Dimethyl polysiloxane,"Anti-foaming agent, silicone compound.",,free,https://en.wikipedia.org/wiki/Polysiloxane
E1443 - Hydroxy propyl distarch glycerol,"Modified starch, thickener.",,free,https://www.efsa.europa.eu/en/efsajournal/pub/1538
Diphosphates and sodium carbonates,General term for diphosphate and carbonate salts.,,free,
E171 - Titanium dioxide,"White colorant, pigment.",,moderate risk,https://en.wikipedia.org/wiki/Titanium_dioxide
E420 - Sorbitol,"Sugar alcohol, sweetener.",,free,https://en.wikipedia.org/wiki/Sorbitol
E173 - Aluminium,"Colorant, decorative coating.",,free,https://en.wikipedia.org/wiki/Aluminium
E160bi - Annatto bixin,Natural orange colorant from annatto.,,free,https://en.wikipedia.org/wiki/Annatto
E129 - Allura red,Synthetic red dye.,,moderate risk,https://en.wikipedia.org/wiki/Allura_Red_AC
E1504 - ethyl acetate,"Solvent, flavoring agent.",,free,https://en.wikipedia.org/wiki/Ethyl_acetate
E339ii - Disodium phosphate,"Acidity regulator, sodium salt of phosphoric acid.",,free,https://en.wikipedia.org/wiki/Disodium_phosphate
E524 - Sodium hydroxide,"Acidity regulator, cleaning agent.",,free,https://en.wikipedia.org/wiki/Sodium_hydroxide
E470b - Magnesium salts of fatty acids,"Emulsifier, stabilizer.",,free,https://www.efsa.europa.eu/en/efsajournal/pub/1555
E967 - Xylitol,"Sugar alcohol, sweetener.",,free,https://en.wikipedia.org/wiki/Xylitol
E367 - Calcium fumarate,"Acidity regulator, calcium salt of fumaric acid.",,free,https://en.wikipedia.org/wiki/Calcium_fumarate
E953 - isomalt,"Sugar alcohol, sweetener.",,free,https://en.wikipedia.org/wiki/Isomalt
E353 - Metatartaric acid,"Acidity regulator, stabilizer.",,free,https://en.wikipedia.org/wiki/Metatartaric_acid
E351 - Potassium malate,"Acidity regulator, potassium salt of malic acid.",,free,https://en.wikipedia.org/wiki/Potassium_malate
E430 - Polyoxyethylene (8) stearate,"Emulsifier, stabilizer.",,free,https://en.wikipedia.org/wiki/Polyoxyethylene_stearate
E951 - Aspartame,Artificial sweetener.,,moderate risk,https://en.wikipedia.org/wiki/Aspartame
E905a - mineral oil,"Glazing agent, lubricant.",,free,https://en.wikipedia.org/wiki/Mineral_oil
E462 - Ethyl cellulose,"Thickener, stabilizer, fiber.",,free,https://en.wikipedia.org/wiki/Ethyl_cellulose
E914 - Oxidised polyethylene wax,"Glazing agent, wax.",,free,https://en.wikipedia.org/wiki/Oxidized_polyethylene_wax
E314 - Guaiacum,"Antioxidant, resin from guaiacum trees.",,free,https://en.wikipedia.org/wiki/Guaiacum
E969 - Advantame,Artificial sweetener.,,free,https://en.wikipedia.org/wiki/Advantame
E369 - Alanin,"Amino acid, nutrient.",,free,https://en.wikipedia.org/wiki/Alanine
E350i - Sodium malate,"Acidity regulator, sodium salt of malic acid.",,free,https://en.wikipedia.org/wiki/Sodium_malate
E425 - Konjac,"Thickener, stabilizer from konjac root.",,free,https://en.wikipedia.org/wiki/Konjac
Amino acids,General term for amino acid additives.,,free,
E918 - Nitrogen oxides,"Propellant gas, rarely used in food.",,unknown,https://en.wikipedia.org/wiki/Nitrogen_oxide
E318 - Calcium erythorbin,"Antioxidant, preservative.",,free,https://en.wikipedia.org/wiki/Erythorbic_acid
E538 - Calcium ferrocyanide,"Anti-caking agent, calcium supplement.",,free,https://en.wikipedia.org/wiki/Calcium_ferrocyanide
E450v - Tetrapotassium diphosphate,"Emulsifier, stabilizer.",,free,https://en.wikipedia.org/wiki/Tetrapotassium_pyrophosphate
E553ai - Synthetic magnesium silicate,"Anti-caking agent, magnesium supplement.",,free,https://en.wikipedia.org/wiki/Magnesium_silicate
E1101 - Protease,"Enzyme, used in baking.",,free,https://en.wikipedia.org/wiki/Protease
E949 - Hydrogen,"Packaging gas, inert gas.",,free,https://en.wikipedia.org/wiki/Hydrogen
E349 - ammonium malate,"Acidity regulator, ammonium salt of malic acid.",,free,https://en.wikipedia.org/wiki/Ammonium_malate
E406 - Agar,"Thickener, stabilizer from seaweed.",,free,https://en.wikipedia.org/wiki/Agar
E1205 - Basic methacrylate copolymer,Coating agent for food supplements.,,free,https://en.wikipedia.org/wiki/Methacrylate_copolymer
E170 - Calcium carbonates,"Acidity regulator, calcium supplement.",,free,https://en.wikipedia.org/wiki/Calcium_carbonate
E943b - Isobutane,"Propellant gas, rarely used in food.",,moderate risk,https://en.wikipedia.org/wiki/Isobutane
E421 - Mannitol,"Sugar alcohol, sweetener.",,free,https://en.wikipedia.org/wiki/Mannitol
E282 - calcium propionate,"Preservative, calcium salt of propionic acid.",,free,https://en.wikipedia.org/wiki/Calcium_propanoate
E636 - Maltol,"Flavor enhancer, sweetener.",,free,https://en.wikipedia.org/wiki/Maltol
E905c - Petroleum wax,"Glazing agent, wax.",,free,https://en.wikipedia.org/wiki/Wax
E355 - Adipic acid,"Acidity regulator, flavoring agent.",,free,https://en.wikipedia.org/wiki/Adipic_acid
E955 - Sucralose,Artificial sweetener.,,free,https://en.wikipedia.org/wiki/Sucralose
E442 - Ammonium phosphatides,"Emulsifier, stabilizer.",,free,https://en.wikipedia.org/wiki/Ammonium_phosphatide
E352ii - Calcium hydrogen malate,"Acidity regulator, calcium supplement.",,free,https://en.wikipedia.org/wiki/Calcium_malate
E452vi - Sodium tripolyphosphate,"Emulsifier, stabilizer.",,free,https://en.wikipedia.org/wiki/Sodium_triphosphate
E500ii - Sodium hydrogen carbonate,"Leavening agent, acidity regulator.",,free,https://en.wikipedia.org/wiki/Sodium_bicarbonate
E420i - D-sorbitol,"Sugar alcohol, sweetener.",,free,https://en.wikipedia.org/wiki/Sorbitol
E477 - Propane-1‚2-diol esters of fatty acids,"Emulsifier, stabilizer.",,free,https://en.wikipedia.org/wiki/Propylene_glycol_esters_of_fatty_acids
E175 - Gold,"Colorant, decorative coating.",,free,https://en.wikipedia.org/wiki/Gold
E546 - Magnesium pyrophosphate,"Magnesium supplement, stabilizer.",,free,https://en.wikipedia.org/wiki/Magnesium_pyrophosphate
E960b - Rebaudioside from multiple gene donors expressed in Yarrowia lipolityca,"Sweetener from stevia plant, genetically engineered.",,free,https://en.wikipedia.org/wiki/Rebaudioside_A
E384 - Isopropyl citrates,"Antioxidant, preservative.",,free,https://en.wikipedia.org/wiki/Isopropyl_citrate
E172ii - Red iron oxide,"Colorant, iron oxide pigment.",,free,https://en.wikipedia.org/wiki/Iron_oxide
E450iv - dipotassium dihydrogenpyrophosphate,"Emulsifier, stabilizer.",,free,https://en.wikipedia.org/wiki/Dipotassium_pyrophosphate
E450iii - Tetrasodium diphosphate,"Emulsifier, stabilizer.",,free,https://en.wikipedia.org/wiki/Tetrasodium_pyrophosphate
E331iii - Trisodium citrate,"Acidity regulator, sodium salt of citric acid.",,free,https://en.wikipedia.org/wiki/Trisodium_citrate
E333iii - Tricalcium citrate,"Calcium supplement, acidity regulator.",,free,https://en.wikipedia.org/wiki/Tricalcium_citrate
E152 - Black 7984,"Synthetic black dye, not approved in EU.",,high risk,https://en.wikipedia.org/wiki/Black_7984
E999 - Quillaia extract,"Foaming agent, extract from quillaia bark.",,free,https://en.wikipedia.org/wiki/Quillaia
E399 - Calcium lactobionate,"Calcium supplement, stabilizer.",,free,https://en.wikipedia.org/wiki/Calcium_lactobionate
E425i - Konjac gum,"Thickener, stabilizer from konjac root.",,free,https://en.wikipedia.org/wiki/Konjac
E388 - Thiodipropionic acid,"Antioxidant, preservative.",,free,https://en.wikipedia.org/wiki/Thiodipropionic_acid
E502 - Carbonates,"Leavening agent, acidity regulator.",,free,https://en.wikipedia.org/wiki/Carbonate
E433 - Polyoxyethylene sorbitan monooleate,"Emulsifier, stabilizer.",,free,https://en.wikipedia.org/wiki/Polysorbate_80
E950 - Acesulfame k,Artificial sweetener.,,free,https://en.wikipedia.org/wiki/Acesulfame_potassium
E440ii - Amidated pectin,"Modified pectin, thickener.",,free,https://en.wikipedia.org/wiki/Pectin
E350 - Sodium malates,"Acidity regulator, sodium salt of malic acid.",,free,https://en.wikipedia.org/wiki/Sodium_malate
E431 - Polyoxyethylene (40) stearate,"Emulsifier, stabilizer.",,free,https://en.wikipedia.org/wiki/Polyoxyethylene_stearate
E492 - Sorbitan tristearate,"Emulsifier, stabilizer.",,free,https://en.wikipedia.org/wiki/Sorbitan_tristearate
E626 - Guanylic acid,"Flavor enhancer, nucleotide.",,free,https://en.wikipedia.org/wiki/Guanylic_acid
E493 - Sorbitan monolaurate,"Emulsifier, stabilizer.",,free,https://en.wikipedia.org/wiki/Sorbitan_monolaurate
E491 - Sorbitan monostearate,"Emulsifier, stabilizer.",,free,https://en.wikipedia.org/wiki/Sorbitan_monostearate
E432 - Polyoxyethylene sorbitan monolaurate,"Emulsifier, stabilizer.",,free,https://en.wikipedia.org/wiki/Polysorbate_20
E517 - Ammonium sulphate,"Acidity regulator, ammonium supplement.",,free,https://en.wikipedia.org/wiki/Ammonium_sulfate
E337 - Potassium sodium tartrate,"Acidity regulator, potassium and sodium salt of tartaric acid.",,free,https://en.wikipedia.org/wiki/Potassium_sodium_tartrate
E460 - Cellulose,"Thickener, stabilizer, fiber.",,free,https://en.wikipedia.org/wiki/Cellulose
E526 - Calcium hydroxide,"Firming agent, calcium supplement.",,free,https://en.wikipedia.org/wiki/Calcium_hydroxide
E163b - Delphinidin,"Anthocyanin pigment, blue colorant.",,free,https://en.wikipedia.org/wiki/Delphinidin
E215 - Sodium ethyl p-hydroxybenzoate,"Preservative, paraben family.",,moderate risk,https://en.wikipedia.org/wiki/Paraben
E161b - Lutein,"Yellow pigment, carotenoid.",,free,https://en.wikipedia.org/wiki/Lutein
E905ci - Microcrystalline wax,"Glazing agent, wax.",,free,https://en.wikipedia.org/wiki/Microcrystalline_wax
E501 - Potassium carbonates,"Acidity regulator, potassium salt of carbonic acid.",,free,https://en.wikipedia.org/wiki/Potassium_carbonate
E503 - Ammonium carbonates,"Leavening agent, acidity regulator.",,free,https://en.wikipedia.org/wiki/Ammonium_carbonate
E352i - Calcium malate,"Acidity regulator, calcium supplement.",,free,https://en.wikipedia.org/wiki/Calcium_malate
E153 - Vegetable carbon,"Black colorant, carbon from plant material.",,free,https://en.wikipedia.org/wiki/Vegetable_carbon
E151 - Brilliant black bn,Synthetic black dye.,,moderate risk,https://en.wikipedia.org/wiki/Brilliant_Black_BN
E519 - Copper sulphate,"Preservative, fungicide.",,moderate risk,https://en.wikipedia.org/wiki/Copper(II)_sulfate
E1000 - Cholic acid,"Emulsifier, bile acid.",,free,https://en.wikipedia.org/wiki/Cholic_acid
E939 - Helium,"Packaging gas, inert gas.",,free,https://en.wikipedia.org/wiki/Helium
E339 - Sodium phosphates,"Acidity regulator, sodium salt of phosphoric acid.",,free,https://en.wikipedia.org/wiki/Sodium_phosphate
E420ii - Sorbitol syrup,"Sugar alcohol, sweetener.",,free,https://en.wikipedia.org/wiki/Sorbitol
E452v - Ammonium polyphosphate,"Emulsifier, stabilizer.",,free,https://en.wikipedia.org/wiki/Ammonium_polyphosphate
E500i - Sodium carbonate,"Leavening agent, acidity regulator.",,free,https://en.wikipedia.org/wiki/Sodium_carbonate
E1405 - Enzyme treated starch,"Modified starch, thickener.",,free,https://www.efsa.europa.eu/en/efsajournal/pub/1538
E172i - Black iron oxide,"Colorant, iron oxide pigment.",,free,https://en.wikipedia.org/wiki/Iron_oxide
E210 - Benzoic acid,"Preservative, flavoring agent.",,free,https://en.wikipedia.org/wiki/Benzoic_acid
E929 - acetone peroxide,"Bleaching agent, not approved in food.",,high risk,https://en.wikipedia.org/wiki/Acetone_peroxide
E329 - Magnesium lactate,"Acidity regulator, magnesium supplement.",,free,https://en.wikipedia.org/wiki/Magnesium_lactate
E407a - Processed eucheuma seaweed,"Thickener, stabilizer from seaweed.",,free,https://en.wikipedia.org/wiki/Eucheuma
E443 - Brominated vegetable oil,"Emulsifier, stabilizer.",,moderate risk,https://en.wikipedia.org/wiki/Brominated_vegetable_oil
E441 - Superglycerinated hydrogenated rapeseed oil,"Emulsifier, stabilizer.",,free,
E465 - Ethyl methyl cellulose,"Thickener, stabilizer.",,free,https://en.wikipedia.org/wiki/Ethyl_methyl_cellulose
E422 - Glycerol,"Humectant, sweetener.",,free,https://en.wikipedia.org/wiki/Glycerol
E283 - Potassium propionate,"Preservative, potassium salt of propionic acid.",,free,https://en.wikipedia.org/wiki/Potassium_propionate
E281 - Sodium propionate,"Preservative, sodium salt of propionic acid.",,free,https://en.wikipedia.org/wiki/Sodium_propionate
E916 - Calcium iodate,"Iodine supplement, calcium salt.",,free,https://en.wikipedia.org/wiki/Calcium_iodate
E316 - sodium erythorbate,"Antioxidant, preservative.",,free,https://en.wikipedia.org/wiki/Sodium_erythorbate
E536 - Potassium ferrocyanide,"Anti-caking agent, potassium supplement.",,free,https://en.wikipedia.org/wiki/Potassium_ferrocyanide
E425ii - Konjac glucomannan,"Thickener, stabilizer from konjac root.",,free,https://en.wikipedia.org/wiki/Konjac
E927 - Azodicarbonamide and Carbamide,"Flour treatment agent, not approved in EU.",,high risk,https://en.wikipedia.org/wiki/Azodicarbonamide
E327 - calcium lactate,"Acidity regulator, calcium supplement.",,free,https://en.wikipedia.org/wiki/Calcium_lactate
E440i - non-amidated pectines,"Thickener, stabilizer from fruits.",,free,https://en.wikipedia.org/wiki/Pectin
E472b - Lactic acid esters of mono- and diglycerides of fatty acids,"Emulsifier, stabilizer.",,free,https://www.efsa.europa.eu/en/efsajournal/pub/1543
E341iii - Tricalcium phosphate,"Calcium supplement, acidity regulator.",,free,https://en.wikipedia.org/wiki/Tricalcium_phosphate
E1440 - Hydroxypropyl starch,"Modified starch, thickener.",,free,https://www.efsa.europa.eu/en/efsajournal/pub/1538
E924a - Potassium bromate,"Flour treatment agent, not approved in EU.",,high risk,https://en.wikipedia.org/wiki/Potassium_bromate
E285 - Sodium tetraborate (borax),"Preservative, cleaning agent.",,moderate risk,https://en.wikipedia.org/wiki/Borax
E638,"Flavor enhancer, sweetener.",,free,https://en.wikipedia.org/wiki/Ethyl_maltol
E470aiii - Calcium salts of fatty acids,"Emulsifier, stabilizer.",,free,https://www.efsa.europa.eu/en/efsajournal/pub/1555
E452iv - Calcium polyphosphate,"Emulsifier, stabilizer.",,free,https://en.wikipedia.org/wiki/Calcium_polyphosphate
E503i - Ammonium carbonate,"Leavening agent, acidity regulator.",,free,https://en.wikipedia.org/wiki/Ammonium_carbonate
E170ii - Calcium hydrogen carbonate,"Calcium supplement, acidity regulator.",,free,https://en.wikipedia.org/wiki/Calcium_bicarbonate
E501i - Potassium carbonate,"Acidity regulator, potassium salt of carbonic acid.",,free,https://en.wikipedia.org/wiki/Potassium_carbonate
E452iii - Sodium calcium polyphosphate,"Emulsifier, stabilizer.",,free,https://en.wikipedia.org/wiki/Sodium_calcium_polyphosphate
E150 - Caramel,"Brown colorant, caramel.",,free,https://en.wikipedia.org/wiki/Caramel_color
E460i - Microcrystalline cellulose,"Thickener, stabilizer, fiber.",,free,https://en.wikipedia.org/wiki/Cellulose
E459 - Beta-cyclodextrine,"Stabilizer, encapsulating agent.",,free,https://en.wikipedia.org/wiki/Beta-Cyclodextrin
E408 - Bakers yeast glycan,"Thickener, stabilizer from yeast.",,free,https://en.wikipedia.org/wiki/Yeast_beta-glucan
E375 - Nicotinic acid,"Vitamin B3, niacin.",,free,https://en.wikipedia.org/wiki/Niacin
E160b - Annatto,Natural orange colorant from annatto.,,free,https://en.wikipedia.org/wiki/Annatto
E634 - Calcium 5'-ribonucleotide,"Flavor enhancer, nucleotide.",,free,https://en.wikipedia.org/wiki/Calcium_5%27-ribonucleotide
E500 - Sodium carbonates,"Leavening agent, acidity regulator.",,free,https://en.wikipedia.org/wiki/Sodium_carbonate
E490 - Propylene glycol,"Humectant, solvent, stabilizer.",,free,https://en.wikipedia.org/wiki/Propylene_glycol
E952 - Cyclamic acid and its Na and Ca salts,Artificial sweetener.,,moderate risk,https://en.wikipedia.org/wiki/Cyclamic_acid
E352 - Calcium malates,"Acidity regulator, calcium supplement.",,free,https://en.wikipedia.org/wiki/Calcium_malate
E463 - Hydroxypropyl cellulose,"Thickener, stabilizer.",,free,https://en.wikipedia.org/wiki/Hydroxypropyl_cellulose
E404 - Calcium alginate,"Thickener, stabilizer from seaweed.",,free,https://en.wikipedia.org/wiki/Calcium_alginate
E457 - Alpha-Cyclodextrine,"Stabilizer, encapsulating agent.",,free,https://en.wikipedia.org/wiki/Alpha-Cyclodextrin
E339i - Monosodium phosphate,"Acidity regulator, sodium salt of phosphoric acid.",,free,https://en.wikipedia.org/wiki/Monosodium_phosphate
E461 - methyl cellulose,"Thickener, stabilizer.",,free,https://en.wikipedia.org/wiki/Methyl_cellulose
E445 - Glycerol esters of wood rosin,"Emulsifier, stabilizer.",,free,https://en.wikipedia.org/wiki/Glycerol_esters_of_wood_rosin
E624 - Monoammonium glutamate,"Flavor enhancer, ammonium salt of glutamic acid.",,free,https://en.wikipedia.org/wiki/Monoammonium_glutamate
E155 - Brown ht,Synthetic brown dye.,,moderate risk,https://en.wikipedia.org/wiki/Brown_HT
E209 - Heptylparaben,"Preservative, paraben family.",,moderate risk,https://en.wikipedia.org/wiki/Paraben
E340iii - Tripotassium phosphate,"Acidity regulator, potassium salt of phosphoric acid.",,free,https://en.wikipedia.org/wiki/Tripotassium_phosphate
E905f - Mineral oil medium and low viscosity class II,"Glazing agent, lubricant.",,free,https://en.wikipedia.org/wiki/Mineral_oil
E101a - E101a food additive,Unknown or not classified.,,unknown,
E905d - Mineral oil high viscosity,"Glazing agent, lubricant.",,free,https://en.wikipedia.org/wiki/Mineral_oil
E172 - Iron oxides and iron hydroxides,"Colorant, iron oxide pigment.",,free,https://en.wikipedia.org/wiki/Iron_oxide
E280 - Propionic acid,"Preservative, flavoring agent.",,free,https://en.wikipedia.org/wiki/Propionic_acid
E628 - Dipotassium guanylate,"Flavor enhancer, nucleotide.",,free,https://en.wikipedia.org/wiki/Dipotassium_guanylate
E495 - Sorbitan monopalmitate,"Emulsifier, stabilizer.",,free,https://en.wikipedia.org/wiki/Sorbitan_monopalmitate
E440 - Pectins,"Thickener, stabilizer from fruits.",,free,https://en.wikipedia.org/wiki/Pectin
E350ii - Sodium hydrogen malate,"Acidity regulator, sodium salt of malic acid.",,free,https://en.wikipedia.org/wiki/Sodium_malate
E370 - 1‚4-Heptonolactone,"Flavoring agent, lactone compound.",,free,https://en.wikipedia.org/wiki/Heptanolactone
E213 - Calcium benzoate,"Preservative, calcium salt of benzoic acid.",,free,https://en.wikipedia.org/wiki/Calcium_benzoate
E450vi - Dicalcium diphosphate,"Leavening agent, calcium supplement.",,free,https://en.wikipedia.org/wiki/Dicalcium_phosphate
E553a - synthetic magnesium silicates,"Anti-caking agent, magnesium supplement.",,free,https://en.wikipedia.org/wiki/Magnesium_silicate
E211 - Sodium benzoate,"Preservative, sodium salt of benzoic acid.",,free,https://en.wikipedia.org/wiki/Sodium_benzoate
E505 - Ferrous carbonate,"Iron supplement, colorant.",,free,https://en.wikipedia.org/wiki/Ferrous_carbonate
E15x - E15x food additive,Unknown or not classified.,,unknown,
E544 - Calcium polyphosphate,"Emulsifier, stabilizer.",,free,https://en.wikipedia.org/wiki/Calcium_polyphosphate
