Code,Name,Name_RO,Description,Description_RO,Risk,Source,Alternative_Names
E140ii,E140ii - Chlorophyllins,E140ii - Clorofiline,Natural green pigments extracted from plants.,Pigmenți verzi naturali extrași din plante.,free,https://www.efsa.europa.eu/en/efsajournal/pub/1530,
E131,E131 - Patent blue V,E131 - Albastru Patent V,"Synthetic blue dye used in sweets, beverages, and other foods.","Colorant albastru sintetic folosit în dulciuri, băuturi și alte alimente.",moderate risk,https://www.efsa.europa.eu/en/efsajournal/pub/2499,
E440aiii,E440aiii - Potassium pectate,E440aiii - Pectat de potasiu,"Potassium salt of pectin, used as a thickener.","Sarea de potasiu a pectinei, folosită ca îngroșător.",free,https://www.efsa.europa.eu/en/efsajournal/pub/1748,
E332i,E332i - Monopotassium citrate,E332i - Citrat monopotasic,"Potassium salt of citric acid, acidity regulator.","Sarea de potasiu a acidului citric, regulator de aciditate.",free,https://www.efsa.europa.eu/en/efsajournal/pub/1647,
E133,E133 - Brilliant blue FCF,E133 - Albastru Strălucitor FCF,Synthetic blue dye used in food and drinks.,Colorant albastru sintetic folosit în alimente și băuturi.,moderate risk,https://www.efsa.europa.eu/en/efsajournal/pub/2818,
E296,E296 - Malic acid,E296 - Acid malic,Naturally occurring acid used as a flavoring and acidity regulator.,Acid natural folosit ca aromatizant și regulator de aciditate.,free,https://www.efsa.europa.eu/en/efsajournal/pub/1535,
E959,E959 - Neohesperidine dihydrochalcone,E959 - Neohesperidină dihidrocalconă,Artificial sweetener derived from citrus.,Îndulcitor artificial derivat din citrice.,low risk,https://www.efsa.europa.eu/en/efsajournal/pub/1536,
E908,E908 - Rice bran wax,E908 - Ceară de tărâțe de orez,"Wax from rice bran, used as a glazing agent.","Ceară din tărâțe de orez, folosită ca agent de glazurare.",free,https://www.efsa.europa.eu/en/efsajournal/pub/3145,
E308,E308 - Gamma-tocopherol,E308 - Gama-tocoferol,"Form of vitamin E, used as antioxidant.","Formă de vitamina E, folosită ca antioxidant.",free,https://www.efsa.europa.eu/en/efsajournal/pub/1816,
E359,E359 - Ammonium adipate,E359 - Adipat de amoniu,"Ammonium salt of adipic acid, acidity regulator.","Sarea de amoniu a acidului adipic, regulator de aciditate.",free,https://www.efsa.europa.eu/en/efsajournal/pub/1537,
E1414,E1414 - Acetylated distarch phosphate,E1414 - Fosfat de diamidon acetilat,Modified starch used as a thickener and stabilizer.,Amidon modificat folosit ca îngroșător și stabilizator.,free,https://www.efsa.europa.eu/en/efsajournal/pub/1538,
E307c,E307c - DL-Alpha-tocopherol,E307c - DL-Alfa-tocoferol,"Synthetic vitamin E, antioxidant.","Vitamina E sintetică, antioxidant.",free,https://www.efsa.europa.eu/en/efsajournal/pub/1816,
E500iii ,E500iii - Sodium sesquicarbonate,E500iii - Sesquicarbonat de sodiu,Buffer and anti-caking agent.,Agent tampon și anti-aglomerant.,free,https://www.efsa.europa.eu/en/efsajournal/pub/1539,
No12,No12 - n12,No12 - n12,Unknown or not classified.,Necunoscut sau neclasificat.,unknown,,
E452,E452 - Polyphosphates,E452 - Polifosfați,"Emulsifier and stabilizer, used in processed foods.","Emulgator și stabilizator, folosit în alimente procesate.",free,https://www.efsa.europa.eu/en/efsajournal/pub/3146,
E345,E345 - Magnesium citrate,E345 - Citrat de magneziu,"Magnesium salt of citric acid, acidity regulator.","Sarea de magneziu a acidului citric, regulator de aciditate.",free,https://www.efsa.europa.eu/en/efsajournal/pub/1647,
E945,E945 - Chloropentafluoroethane,E945 - Cloropentafluorometan,"Propellant gas, rarely used.","Gaz propulsor, rar folosit.",high risk,https://www.efsa.europa.eu/en/efsajournal/pub/1540,
E961,E961 - Neotame,E961 - Neotamă,"Artificial sweetener, very high intensity.","Îndulcitor artificial, intensitate foarte mare.",moderate risk,https://www.efsa.europa.eu/en/efsajournal/pub/2149,
E957,E957 - Thaumatin,E957 - Taumatină,Natural sweetener and flavor modifier from katemfe fruit.,Îndulcitor natural și modificator de aromă din fructul katemfe.,free,https://www.efsa.europa.eu/en/efsajournal/pub/1534,
E904,E904 - Shellac,E904 - Șelac,Glazing agent derived from lac insects.,Agent de glazurare derivat din insecte lac.,free,https://www.efsa.europa.eu/en/efsajournal/pub/3147,
E304,E304 - Fatty acid esters of ascorbic acid,E304 - Esteri ai acizilor grași ai acidului ascorbic,"Antioxidant, vitamin C derivatives.","Antioxidant, derivați ai vitaminei C.",free,https://www.efsa.europa.eu/en/efsajournal/pub/1531,
E357,E357 - Potassium adipate,E357 - Adipat de potasiu,"Potassium salt of adipic acid, acidity regulator.","Sarea de potasiu a acidului adipic, regulator de aciditate.",free,https://www.efsa.europa.eu/en/efsajournal/pub/1537,
E963,E963 - Tagatose,E963 - Tagatoză,"Low-calorie sweetener, naturally occurring sugar.","Îndulcitor cu calorii reduse, zahăr natural.",free,https://www.efsa.europa.eu/en/efsajournal/pub/1532,
E363,E363 - Succinic acid,E363 - Acid succinic,Acidity regulator and flavoring agent.,Regulator de aciditate și agent aromatizant.,free,https://www.efsa.europa.eu/en/efsajournal/pub/1541,
E1103,E1103 - Invertase,E1103 - Invertază,Enzyme used to hydrolyze sucrose.,Enzimă folosită pentru hidroliza zaharozei.,free,https://www.efsa.europa.eu/en/efsajournal/pub/1542,
E475,E475 - Polyglycerol esters of fatty acids,E475 - Esteri poliglicerici ai acizilor grași,Emulsifier in bakery and confectionery.,,free,https://www.efsa.europa.eu/en/efsajournal/pub/1543,
E1202,E1202 - Polyvinylpolypyrrolidone,E1202 - Polivinilpolipirrolidonă,Clarifying agent in beverages.,,free,https://www.efsa.europa.eu/en/efsajournal/pub/1544,
E556,E556 - Calcium aluminium silicate,E556 - Silicat de calciu și aluminiu,Anti-caking agent.,,free,https://www.efsa.europa.eu/en/efsajournal/pub/1545,
E246,E246 - Glycolipids,E246 - Glicolipide,"Emulsifier, stabilizer.",,free,,
E578,E578 - Calcium gluconate,E578 - Gluconat de calciu,"Firming agent, calcium supplement.",,free,https://www.efsa.europa.eu/en/efsajournal/pub/1546,
E343i,E343i - Monomagnesium phosphate,E343i - Fosfat monomagnezic,"Acidity regulator, magnesium source.",,free,https://www.efsa.europa.eu/en/efsajournal/pub/1547,
E142,E142 - Green S,E142 - Verde S,Synthetic green dye.,,moderate risk,https://www.efsa.europa.eu/en/efsajournal/pub/1548,
E965i,E965i - D-Maltitol,E965i - D-Maltitol,"Sugar alcohol, sweetener.",,free,https://www.efsa.europa.eu/en/efsajournal/pub/1549,
E341i,E341i - Monocalcium phosphate,E341i - Fosfat monocalcic,"Leavening agent, acidity regulator.",,free,https://www.efsa.europa.eu/en/efsajournal/pub/1550,
E322i,E322i - Lecithin,E322i - Lecitină,Emulsifier from soy or egg.,,free,https://www.efsa.europa.eu/en/efsajournal/pub/1551,
E123,E123 - Amaranth,E123 - Amarant,Synthetic red dye.,,high risk,https://www.efsa.europa.eu/en/efsajournal/pub/1552,
E172iii ,E172iii - Yellow iron oxide,E172iii - Oxid de fier galben,"Colorant, iron oxide pigment.",,free,https://www.efsa.europa.eu/en/efsajournal/pub/1553,
E121,E121 - Citrus Red 2,E121 - Roșu Citrus 2,"Synthetic red dye, used on orange peels.",,high risk,https://www.efsa.europa.eu/en/efsajournal/pub/1554,
E470,E470 - Sodium/potassium/calcium and magnesium salts of fatty acids,E470 - Săruri de sodiu/potasiu/calciu și magneziu ai acizilor grași,"Emulsifier, anti-caking agent.",,free,https://www.efsa.europa.eu/en/efsajournal/pub/1555,
E486,E486 - Calcium stearoyl fumarate,E486 - Fumarat de calciu stearoil,"Dough conditioner, emulsifier.",,free,https://www.efsa.europa.eu/en/efsajournal/pub/1556,
E106,E106 - Flavin mononucleotide,E106 - Flavin mononucleotid,"Vitamin B2 derivative, colorant.",,free,https://www.efsa.europa.eu/en/efsajournal/pub/1557,
E574,E574 - Gluconic acid,E574 - Acid gluconic,"Acidity regulator, produced by fermentation.",,free,https://www.efsa.europa.eu/en/efsajournal/pub/1558,
E713,E713 - Tylosin,E713 - Tilosină,"Antibiotic, not approved as food additive in EU.",,high risk,https://www.efsa.europa.eu/en/efsajournal/pub/1559,
E331ii,E331ii - Disodium citrate,E331ii - Citrat disodic,"Sodium salt of citric acid, acidity regulator.",,free,https://www.efsa.europa.eu/en/efsajournal/pub/1647,
E450ii,E450ii - Trisodium diphosphate,E450ii - Difosfat trisodic,"Emulsifier, stabilizer.",,free,https://www.efsa.europa.eu/en/efsajournal/pub/3146,
Săruri a,Inorganic salts,Săruri anorganice,General term for salts not classified as organic.,,unknown,,
E940,E940 - Dichlorodifluoromethane,E940 - Diclorodifluorometan,"Propellant gas, rarely used in food.",,high risk,https://en.wikipedia.org/wiki/Dichlorodifluoromethane,
E340,E340 - Potassium phosphates,E340 - Fosfați de potasiu,"Acidity regulator, emulsifier.",,free,https://www.efsa.europa.eu/en/efsajournal/pub/3146,
E202,E202 - Potassium sorbate,E202 - Sorbat de potasiu,"Preservative, inhibits molds and yeasts.",,free,https://www.efsa.europa.eu/en/efsajournal/pub/4144,
E333ii,E333ii - Dicalcium citrate,E333ii - Citrat dicalcic,"Calcium salt of citric acid, acidity regulator.",,free,https://www.efsa.europa.eu/en/efsajournal/pub/1647,
,Di- and triphosphates,Di- și trifosfați,General term for di- and triphosphate salts.,,free,https://www.efsa.europa.eu/en/efsajournal/pub/3146,
E160bii,E160bii - Annatto norbixin,E160bii - Norbixină de annatto,Natural orange-yellow color from annatto.,,free,https://www.efsa.europa.eu/en/efsajournal/pub/3234,
E228,E228 - Potassium bisulphite,E228 - Bisulfit de potasiu,"Preservative, antioxidant.",,moderate risk,https://www.efsa.europa.eu/en/efsajournal/pub/1533,
E125,E125 - Scarlet GN,E125 - Roșu Scarlet GN,"Synthetic red dye, not approved in EU.",,high risk,https://en.wikipedia.org/wiki/Scarlet_GN,
E1206,E1206 - Neutral methacrylate copolymer,E1206 - Copolimer metacrilat neutru,Coating agent for food supplements.,,free,https://www.efsa.europa.eu/en/efsajournal/pub/3148,
E512,E512 - Stannous chloride,E512 - Clorură stanoasă,"Color retention agent, antioxidant.",,moderate risk,https://www.efsa.europa.eu/en/efsajournal/pub/1559,
E391,E391 - Phytic acid,E391 - Acid fitic,"Antioxidant, chelating agent.",,free,https://en.wikipedia.org/wiki/Phytic_acid,
E932,E932 - Nitrogen oxide,E932 - Oxid de azot,"Propellant gas, rarely used in food.",,unknown,https://en.wikipedia.org/wiki/Nitrogen_oxide,
E332,E332 - Potassium citrates,E332 - Citrați de potasiu,"Acidity regulator, potassium salt of citric acid.",,free,https://www.efsa.europa.eu/en/efsajournal/pub/1647,
E515ii,E515ii - Potassium hydrogen sulphate,E515ii - Sulfat acid de potasiu,Acidity regulator.,,free,https://en.wikipedia.org/wiki/Potassium_bisulfate,
E335ii,E335ii - Disodium tartrate,E335ii - Tartrat disodic,"Acidity regulator, sodium salt of tartaric acid.",,free,https://www.efsa.europa.eu/en/efsajournal/pub/1550,
E960,E960 - Steviol glycosides,E960 - Glicozide steviolice,Sweetener from stevia plant.,,free,https://www.efsa.europa.eu/en/efsajournal/pub/1537,
E339iii,E339iii - Trisodium phosphate,E339iii - Fosfat trisodic,"Acidity regulator, sodium salt of phosphoric acid.",,free,https://www.efsa.europa.eu/en/efsajournal/pub/3146,
E224,E224 - Potassium metabisulphite,E224 - Metabisulfit de potasiu,"Preservative, antioxidant.",,moderate risk,https://www.efsa.europa.eu/en/efsajournal/pub/1533,
E1441,E1441 - Hydroxy propyl distarch glycerine,E1441 - Diamidon hidroxi propil glicerină,"Modified starch, thickener.",,free,https://www.efsa.europa.eu/en/efsajournal/pub/1538,
E141ii,E141ii - Copper complexes of chlorophyllins,E141ii - Complexe de cupru ale clorofilinelor,"Green colorant, copper salt of chlorophyllins.",,free,https://www.efsa.europa.eu/en/efsajournal/pub/1530,
E130,E130 - Indanthrene blue RS,E130 - Albastru Indantren RS,"Synthetic blue dye, not approved in EU.",,high risk,https://en.wikipedia.org/wiki/Indanthrene_Blue_RS,
E452i,E452i - Sodium polyphosphate,E452i - Polifosfat de sodiu,"Emulsifier, stabilizer.",,free,https://www.efsa.europa.eu/en/efsajournal/pub/3146,
E266,E266 - Sodium dehydroacetate,E266 - Dehidroacetat de sodiu,Preservative.,,moderate risk,https://en.wikipedia.org/wiki/Sodium_dehydroacetate,
E1422,E1422 - Acetylated distarch adipate,E1422 - Adipat de diamidon acetilat,"Modified starch, thickener.",,free,https://www.efsa.europa.eu/en/efsajournal/pub/1538,
E304i,E304i - Ascorbyl palmitate,E304i - Palmitat de ascorbil,"Antioxidant, vitamin C derivative.",,free,https://www.efsa.europa.eu/en/efsajournal/pub/1531,
E162,E162 - Beetroot red,E162 - Roșu de sfeclă,Natural red colorant from beetroot.,,free,https://www.efsa.europa.eu/en/efsajournal/pub/1539,
E1404,E1404 - Oxidised starch,E1404 - Amidon oxidat,"Modified starch, thickener.",,free,https://www.efsa.europa.eu/en/efsajournal/pub/1538,
E307a,E307a - D-Alpha-tocopherol,E307a - D-Alfa-tocoferol,"Natural vitamin E, antioxidant.",,free,https://www.efsa.europa.eu/en/efsajournal/pub/1816,
E479b,E479b - Thermally oxidised soya bean oil interacted with mono- and diglycerides of fatty acids,E479b - Ulei de soia oxidat termic interactuat cu mono- și digliceridele acizilor grași,"Emulsifier, stabilizer.",,free,https://www.efsa.europa.eu/en/efsajournal/pub/1543,
E234,E234 - Nisin,E234 - Nisină,"Preservative, antibacterial peptide.",,free,https://www.efsa.europa.eu/en/efsajournal/pub/3149,
E710,E710 - Spiramycin,E710 - Spiramicină,"Antibiotic, not approved as food additive in EU.",,high risk,https://en.wikipedia.org/wiki/Spiramycin,
E365,E365 - Sodium fumarate,E365 - Fumarat de sodiu,"Acidity regulator, sodium salt of fumaric acid.",,free,https://en.wikipedia.org/wiki/Sodium_fumarate,
E965,E965 - Maltitol,E965 - Maltitol,"Sugar alcohol, sweetener.",,free,https://www.efsa.europa.eu/en/efsajournal/pub/1549,
E341,E341 - Calcium phosphates,E341 - Fosfați de calciu,"Acidity regulator, calcium salt of phosphoric acid.",,free,https://www.efsa.europa.eu/en/efsajournal/pub/1550,
E451ii,E451ii - Pentapotassium triphosphate,E451ii - Trifosfat pentapotasic,"Emulsifier, stabilizer.",,free,https://www.efsa.europa.eu/en/efsajournal/pub/3146,
E941,E941 - Nitrogen,E941 - Azot,"Inert gas, packaging gas.",,free,https://www.efsa.europa.eu/en/efsajournal/pub/1559,
FD&C,FD&C - FD and C,FD&C - FD și C,General term for US-certified color additives.,,varies,https://en.wikipedia.org/wiki/FD%26C,
E343,E343 - Magnesium phosphates,E343 - Fosfați de magneziu,"Acidity regulator, magnesium salt of phosphoric acid.",,free,https://www.efsa.europa.eu/en/efsajournal/pub/1547,
E473,E473 - Sucrose esters of fatty acids,E473 - Esteri ai zaharozei cu acizi grași,"Emulsifier, stabilizer.",,free,https://www.efsa.europa.eu/en/efsajournal/pub/1543,
E120,E120 - Cochineal,E120 - Coșenilă,Natural red colorant from insects.,,moderate risk,https://www.efsa.europa.eu/en/efsajournal/pub/1539,
E553aii,E553aii - Magnesium trisilicate,E553aii - Trisilicat de magneziu,Anti-caking agent.,,free,https://www.efsa.europa.eu/en/efsajournal/pub/1559,
E471,E471 - Mono- and diglycerides of fatty acids,E471 - Mono- și digliceride ale acizilor grași,"Emulsifier, stabilizer.",,free,https://www.efsa.europa.eu/en/efsajournal/pub/1543,
E429,E429 - Peptone,E429 - Peptonă,"Nutrient, protein hydrolysate.",,free,https://en.wikipedia.org/wiki/Peptone,
E238,E238 - Calcium formiate,E238 - Formiat de calciu,"Preservative, calcium salt of formic acid.",,free,https://en.wikipedia.org/wiki/Calcium_formate,
Exxx,Exxx - Exxx food additive,Exxx - Aditiv alimentar Exxx,Placeholder for unspecified food additive.,,unknown,,
E340i,E340i - Monopotassium phosphate,E340i - Fosfat monopotasic,"Acidity regulator, potassium salt of phosphoric acid.",,free,https://www.efsa.europa.eu/en/efsajournal/pub/3146,
E922,E922 - Potassium persulfate,E922 - Persulfat de potasiu,Flour treatment agent.,,moderate risk,https://en.wikipedia.org/wiki/Potassium_persulfate,
E322,E322 - Lecithins,E322 - Lecitine,Emulsifier from soy or egg.,,free,https://www.efsa.europa.eu/en/efsajournal/pub/1551,
E427,E427 - Cassia gum,E427 - Gumă de cassia,"Thickener, stabilizer from cassia seeds.",,free,https://www.efsa.europa.eu/en/efsajournal/pub/3145,
E1001,E1001 - Choline salt,E1001 - Sare de colină,"Nutrient, choline supplement.",,free,https://en.wikipedia.org/wiki/Choline,
E416,E416 - Karaya-gum,E416 - Gumă de karaya,"Thickener, stabilizer from Sterculia trees.",,free,https://www.efsa.europa.eu/en/efsajournal/pub/3145,
E923,E923 - Ammonium persulfate,E923 - Persulfat de amoniu,Flour treatment agent.,,moderate risk,https://en.wikipedia.org/wiki/Ammonium_persulfate,
E323,E323 - Anoxomer,E323 - Anoxomer,"Antioxidant, polymeric.",,free,https://en.wikipedia.org/wiki/Anoxomer,
E321,E321 - Butylated hydroxytoluene,E321 - Hidroxitoluen butilat,"Antioxidant, preservative.",,moderate risk,https://www.efsa.europa.eu/en/efsajournal/pub/1544,
E921,E921 - L-cysteine hydrochloride monohydrate,E921 - L-cisteină hidroclorură monohidrat,"Flour treatment agent, amino acid.",,free,https://en.wikipedia.org/wiki/L-Cysteine,
E585,E585 - Ferrous lactate,E585 - Lactat feros,"Color retention agent, iron supplement.",,free,https://www.efsa.europa.eu/en/efsajournal/pub/1559,
E906,E906 - Benzoin resin,E906 - Rășină de benzoin,"Glazing agent, resin from trees.",,free,https://en.wikipedia.org/wiki/Benzoin_resin,
E306,E306 - Tocopherol-rich extract,E306 - Extract bogat în tocoferol,"Natural vitamin E, antioxidant.",,free,https://www.efsa.europa.eu/en/efsajournal/pub/1816,
E515i,E515i - Potassium sulphate,E515i - Sulfat de potasiu,"Acidity regulator, potassium salt of sulfuric acid.",,free,https://en.wikipedia.org/wiki/Potassium_sulfate,
E335i,E335i - Monosodium tartrate,E335i - Tartrat monosodic,"Acidity regulator, sodium salt of tartaric acid.",,free,https://www.efsa.europa.eu/en/efsajournal/pub/1550,
E140,E140 - Chlorophylls and Chlorophyllins,E140 - Clorofile și Clorofiline,Natural green pigments from plants.,,free,https://www.efsa.europa.eu/en/efsajournal/pub/1530,
E472,E472 - acid esters of mono- and diglycerides of fatty acids,E472 - Esteri acizi ai mono- și digliceridelor acizilor grași,"Emulsifier, stabilizer.",,free,https://www.efsa.europa.eu/en/efsajournal/pub/1543,
E927b,E927b - Carbamide,,"Dough conditioner, also known as urea.",,free,https://en.wikipedia.org/wiki/Urea,
E304ii,E304ii - Ascorbyl stearate,,"Antioxidant, vitamin C derivative.",,free,https://www.efsa.europa.eu/en/efsajournal/pub/1531,
E452ii,E452ii - Potassium polyphosphate,,"Emulsifier, stabilizer.",,free,https://www.efsa.europa.eu/en/efsajournal/pub/3146,
E942,E942 - Nitrous oxide,,"Propellant gas, also known as laughing gas.",,free,https://en.wikipedia.org/wiki/Nitrous_oxide,
E342,E342 - Ammonium phosphate,,"Acidity regulator, ammonium salt of phosphoric acid.",,free,https://en.wikipedia.org/wiki/Ammonium_phosphate,
E141i,E141i - Copper complexes of chlorophylls,,"Green colorant, copper salt of chlorophylls.",,free,https://www.efsa.europa.eu/en/efsajournal/pub/1530,
E200,E200 - Sorbic acid,,"Preservative, inhibits molds and yeasts.",,free,https://www.efsa.europa.eu/en/efsajournal/pub/4144,
E580,E580 - Magnesium Gluconate,,"Magnesium supplement, stabilizer.",,free,https://en.wikipedia.org/wiki/Magnesium_gluconate,
E1412,E1412 - Distarch phosphate,,"Modified starch, thickener.",,free,https://www.efsa.europa.eu/en/efsajournal/pub/1538,
E451i,E451i - Pentasodium triphosphate,,"Emulsifier, stabilizer.",,free,https://www.efsa.europa.eu/en/efsajournal/pub/3146,
E576,E576 - Sodium gluconate,,"Sequestrant, stabilizer.",,free,https://en.wikipedia.org/wiki/Sodium_gluconate,
E161,E161 - Xanthophylls,,Yellow pigments from plants.,,free,https://en.wikipedia.org/wiki/Xanthophyll,
E104,E104 - Quinoline yellow,,Synthetic yellow dye.,,moderate risk,https://www.efsa.europa.eu/en/efsajournal/pub/1538,
E163,E163 - Anthocyanins,,Natural red-blue pigments from fruits.,,free,https://www.efsa.europa.eu/en/efsajournal/pub/1539,
E160e,E160e - Beta-apo-8′-carotenal (c30),,"Orange colorant, carotenoid.",,free,https://en.wikipedia.org/wiki/Beta-apo-8%27-carotenal,
E558,E558 - Bentonite,,"Anti-caking agent, clay mineral.",,free,https://en.wikipedia.org/wiki/Bentonite,
E509,E509 - Calcium chloride,,"Firming agent, calcium supplement.",,free,https://www.efsa.europa.eu/en/efsajournal/pub/1559,
E484,E484 - Stearyl citrate,,"Emulsifier, stabilizer.",,free,https://en.wikipedia.org/wiki/Stearyl_citrate,
E1100,E1100 - Alpha-Amylase,,"Enzyme, used in baking.",,free,https://en.wikipedia.org/wiki/Alpha-amylase,
E450vii ,E450vii - Calcium dihydrogen diphosphate,,"Leavening agent, acidity regulator.",,free,https://en.wikipedia.org/wiki/Calcium_dihydrogen_diphosphate,
E331,E331 - Sodium citrates,,"Acidity regulator, sodium salt of citric acid.",,free,https://www.efsa.europa.eu/en/efsajournal/pub/1647,
E450,E450 - Diphosphates,,"Emulsifier, stabilizer.",,free,https://www.efsa.europa.eu/en/efsajournal/pub/3146,
E340ii,E340ii - Dipotassium phosphate,,"Acidity regulator, potassium salt of phosphoric acid.",,free,https://www.efsa.europa.eu/en/efsajournal/pub/3146,
E931,E931 - Nitrogen,,"Inert gas, packaging gas.",,free,https://www.efsa.europa.eu/en/efsajournal/pub/1559,
E511,E511 - Magnesium chloride,,"Firming agent, magnesium supplement.",,free,https://en.wikipedia.org/wiki/Magnesium_chloride,
E392,E392 - Extracts of rosemary,,"Antioxidant, natural extract.",,free,https://www.efsa.europa.eu/en/efsajournal/pub/4147,
E333,E333 - Calcium citrates,,"Acidity regulator, calcium salt of citric acid.",,free,https://www.efsa.europa.eu/en/efsajournal/pub/1647,
E513,E513 - Sulphuric acid,,"Acidity regulator, rarely used in food.",,moderate risk,https://en.wikipedia.org/wiki/Sulfuric_acid,
E1204,E1204 - Pullulan,,"Thickener, stabilizer, polysaccharide.",,free,https://en.wikipedia.org/wiki/Pullulan,
E488,E488 - Ethoxylated Mono- and Di-Glycerides,,"Emulsifier, stabilizer.",,free,https://en.wikipedia.org/wiki/Ethoxylated_glyceride,
E554,E554 - Sodium aluminium silicate,,Anti-caking agent.,,free,https://www.efsa.europa.eu/en/efsajournal/pub/1559,
E507,E507 - Hydrochloric acid,,"Acidity regulator, rarely used in food.",,moderate risk,https://en.wikipedia.org/wiki/Hydrochloric_acid,
E335,E335 - Sodium tartrates,,"Acidity regulator, sodium salt of tartaric acid.",,free,https://www.efsa.europa.eu/en/efsajournal/pub/1550,
E515,E515 - Potassium sulphates,,"Acidity regulator, potassium salt of sulfuric acid.",,free,https://en.wikipedia.org/wiki/Potassium_sulfate,
E332ii,E332ii - Tripotassium citrate,,"Acidity regulator, potassium salt of citric acid.",,free,https://www.efsa.europa.eu/en/efsajournal/pub/1647,
E264,E264 - Ammonium acetate,,"Preservative, acidity regulator.",,free,https://en.wikipedia.org/wiki/Ammonium_acetate,
E203,E203 - Calcium sorbate,,"Preservative, calcium salt of sorbic acid.",,free,https://en.wikipedia.org/wiki/Calcium_sorbate,
E140i,E140i - Chlorophylls,,Natural green pigments from plants.,,free,https://www.efsa.europa.eu/en/efsajournal/pub/1530,
E201,E201 - Sodium sorbate,,"Preservative, sodium salt of sorbic acid.",,free,https://en.wikipedia.org/wiki/Sodium_sorbate,
E472e,E472e - Mono- and diacetyltartaric acid esters of mono- and diglycerides of fatty acids,,"Emulsifier, stabilizer.",,free,https://www.efsa.europa.eu/en/efsajournal/pub/1543,
E122,E122 - Azorubine,,Synthetic red dye.,,moderate risk,https://www.efsa.europa.eu/en/efsajournal/pub/1538,
E905g,E905g - Mineral oil medium and low viscosity class III,,"Glazing agent, lubricant.",,free,https://en.wikipedia.org/wiki/Mineral_oil,
E226,E226 - Calcium sulphite,,"Preservative, calcium salt of sulfurous acid.",,moderate risk,https://en.wikipedia.org/wiki/Calcium_sulfite,
E217,E217 - Sodium propyl para-hydroxybenzoate,,Preservative.,,moderate risk,https://en.wikipedia.org/wiki/Paraben,
E1452,E1452 - Starch aluminium octenyl succinate,,"Modified starch, thickener.",,free,https://www.efsa.europa.eu/en/efsajournal/pub/1538,
E165,E165 - Gardenia Blue,,Natural blue colorant from gardenia fruit.,,free,https://en.wikipedia.org/wiki/Gardenia_blue,
E141,E141 - Copper complexes of chlorophylls and chlorophyllins,,"Green colorant, copper salt of chlorophylls and chlorophyllins.",,free,https://www.efsa.europa.eu/en/efsajournal/pub/1530,
E143,E143 - Fast Green FCF,,Synthetic green dye.,,moderate risk,https://www.efsa.europa.eu/en/efsajournal/pub/1538,
E440b,E440b - pectin amide,,"Modified pectin, thickener.",,free,https://en.wikipedia.org/wiki/Pectin,
E920,E920 - l-cysteine,,"Flour treatment agent, amino acid.",,free,https://en.wikipedia.org/wiki/L-Cysteine,
E320,E320 - Butylated hydroxyanisole (bha),,"Antioxidant, preservative.",,moderate risk,https://www.efsa.europa.eu/en/efsajournal/pub/1544,
E905cii ,E905cii - Paraffin wax,,"Glazing agent, wax.",,free,https://en.wikipedia.org/wiki/Paraffin_wax,
E219,E219 - Sodium methyl p-hydroxybenzoate,,Preservative.,,moderate risk,https://en.wikipedia.org/wiki/Paraben,
E414,E414 - Acacia gum,,"Thickener, stabilizer from acacia trees.",,free,https://www.efsa.europa.eu/en/efsajournal/pub/3145,
E150b,E150b - Caustic sulphite caramel,,"Brown colorant, caramel type II.",,free,https://en.wikipedia.org/wiki/Caramel_color,
E1505,E1505 - Triethyl citrate,,"Stabilizer, emulsifier.",,free,https://en.wikipedia.org/wiki/Triethyl_citrate,
E341ii,E341ii - Dicalcium phosphate,,"Leavening agent, calcium supplement.",,free,https://www.efsa.europa.eu/en/efsajournal/pub/1550,
E930,E930 - calcium peroxide,,"Flour treatment agent, bleaching agent.",,moderate risk,https://en.wikipedia.org/wiki/Calcium_peroxide,
E330,E330 - Citric acid,,"Acidity regulator, flavoring agent.",,free,https://www.efsa.europa.eu/en/efsajournal/pub/1647,
E451,E451 - Triphosphates,,"Emulsifier, stabilizer.",,free,https://www.efsa.europa.eu/en/efsajournal/pub/3146,
E965ii,E965ii - Maltitol syrup,,"Sweetener, sugar alcohol syrup.",,free,https://www.efsa.europa.eu/en/efsajournal/pub/1549,
E510,E510 - Ammonium chloride,,"Acidity regulator, flavor enhancer.",,free,https://en.wikipedia.org/wiki/Ammonium_chloride,
E343ii,E343ii - Dimagnesium phosphate,,"Acidity regulator, magnesium supplement.",,free,https://www.efsa.europa.eu/en/efsajournal/pub/1547,
E467,E467 - Ethulose,,"Thickener, stabilizer.",,free,https://en.wikipedia.org/wiki/Ethulose,
E161j,E161j - Astaxanthin,,"Red pigment, carotenoid.",,free,https://en.wikipedia.org/wiki/Astaxanthin,
E962,E962 - Salt of aspartame-acesulfame,,Artificial sweetener blend.,,free,https://www.efsa.europa.eu/en/efsajournal/pub/1537,
No1,No1 - n1,,Unknown or not classified.,,unknown,,
E161i,E161i - Citranaxanthin,,"Orange pigment, carotenoid.",,free,https://en.wikipedia.org/wiki/Citranaxanthin,
E418,E418 - Gellan gum,,"Thickener, stabilizer from bacteria.",,free,https://www.efsa.europa.eu/en/efsajournal/pub/3145,
E325,E325 - sodium lactate,,"Acidity regulator, sodium salt of lactic acid.",,free,https://en.wikipedia.org/wiki/Sodium_lactate,
E925,E925 - Chlorine,,"Flour treatment agent, disinfectant.",,moderate risk,https://en.wikipedia.org/wiki/Chlorine,
,Mono- and diglycerides of vegetable fatty acids,,"Emulsifier, stabilizer.",,free,https://www.efsa.europa.eu/en/efsajournal/pub/1543,
E322ii,E322ii - Partially hydrolyzed lecithin,,"Emulsifier, stabilizer.",,free,https://www.efsa.europa.eu/en/efsajournal/pub/1551,
E333i,E333i - Monocalcium citrate,,"Calcium supplement, acidity regulator.",,free,https://www.efsa.europa.eu/en/efsajournal/pub/1647,
E132,E132 - Indigotine,,Synthetic blue dye.,,moderate risk,https://www.efsa.europa.eu/en/efsajournal/pub/1538,
E469,E469 - Enzymatically hydrolysed carboxymethylcellulose,,"Thickener, stabilizer.",,free,https://en.wikipedia.org/wiki/Carboxymethyl_cellulose,
E1402,E1402 - Alkaline modified starch,,"Modified starch, thickener.",,free,https://www.efsa.europa.eu/en/efsajournal/pub/1538,
E331i,E331i - Monosodium citrate,,"Acidity regulator, sodium salt of citric acid.",,free,https://www.efsa.europa.eu/en/efsajournal/pub/1647,
E450i,E450i - Disodium diphosphate,,"Emulsifier, stabilizer.",,free,https://www.efsa.europa.eu/en/efsajournal/pub/3146,
E163e,E163e - Peonidin,,"Anthocyanin pigment, red-blue colorant.",,free,https://en.wikipedia.org/wiki/Peonidin,
E160,E160 - Carotenoids,,Natural yellow-orange pigments.,,free,https://en.wikipedia.org/wiki/Carotenoid,
E236,E236 - Formic acid,,"Preservative, acidity regulator.",,free,https://en.wikipedia.org/wiki/Formic_acid,
E161e,E161e - Violaxanthin,,"Yellow pigment, carotenoid.",,free,https://en.wikipedia.org/wiki/Violaxanthin,
E252,E252 - Potassium nitrate,,"Preservative, curing agent.",,moderate risk,https://en.wikipedia.org/wiki/Potassium_nitrate,
E577,E577 - Potassium gluconate,,"Potassium supplement, stabilizer.",,free,https://en.wikipedia.org/wiki/Potassium_gluconate,
E1413,E1413 - Phosphated distarch phosphate,,"Modified starch, thickener.",,free,https://www.efsa.europa.eu/en/efsajournal/pub/1538,
E960a,E960a - Steviol glycosides from Stevia,,Sweetener from stevia plant.,,free,https://www.efsa.europa.eu/en/efsajournal/pub/1537,
E1200,E1200 - Polydextrose,,"Bulking agent, soluble fiber.",,free,https://www.efsa.europa.eu/en/efsajournal/pub/1537,
E504ii,E504ii - Magnesium hydroxide carbonate,,"Acidity regulator, magnesium supplement.",,free,https://en.wikipedia.org/wiki/Magnesium_hydroxide,
E641,E641 - Leucine,,"Amino acid, nutrient.",,free,https://en.wikipedia.org/wiki/Leucine,
E542,E542 - Bone phosphate,,"Anti-caking agent, from animal bones.",,free,https://en.wikipedia.org/wiki/Bone_phosphate,
,Colour - color,,General term for color additives.,,varies,,
E523,E523 - Aluminium ammonium sulphate,,"Firming agent, acidity regulator.",,free,https://en.wikipedia.org/wiki/Aluminium_ammonium_sulfate,
E622,E622 - Monopotassium glutamate,,"Flavor enhancer, potassium salt of glutamic acid.",,free,https://en.wikipedia.org/wiki/Monopotassium_glutamate,
E521,E521 - Aluminium sodium sulphate,,"Firming agent, acidity regulator.",,free,https://en.wikipedia.org/wiki/Aluminium_sodium_sulfate,
E579,E579 - iron gluconate,,"Color retention agent, iron supplement.",,free,https://en.wikipedia.org/wiki/Iron(II)_gluconate,
E472d,E472d - Tartaric acid esters of mono- and diglycerides of fatty acids,,"Emulsifier, stabilizer.",,free,https://www.efsa.europa.eu/en/efsajournal/pub/1543,
E496,E496 - Sorbitan trioleate,,"Emulsifier, stabilizer.",,free,https://en.wikipedia.org/wiki/Sorbitan_trioleate,
E385,E385 - Calcium disodium ethylenediaminetetraacetate,,"Preservative, sequestrant.",,free,https://en.wikipedia.org/wiki/Calcium_disodium_EDTA,
E174,E174 - Silver,,"Colorant, decorative coating.",,free,https://en.wikipedia.org/wiki/Silver_as_an_investment#Edible_silver,
E1104,E1104 - lipase,,"Enzyme, used in cheese making.",,free,https://en.wikipedia.org/wiki/Lipase,
E472f,E472f - Mixed acetic and tartaric acid esters of mono- and diglycerides of fatty acids,,"Emulsifier, stabilizer.",,free,https://www.efsa.europa.eu/en/efsajournal/pub/1543,
E640i,E640i - Glycine,,"Amino acid, nutrient.",,free,https://en.wikipedia.org/wiki/Glycine,
E473a,E473a - Oligoesters of sucrose type I,,"Emulsifier, stabilizer.",,free,,
E911,E911 - Fatty acid methyl ester,,"Emulsifier, stabilizer.",,free,https://en.wikipedia.org/wiki/Fatty_acid_methyl_ester,
E161d,E161d - Rubixanthin,,"Orange pigment, carotenoid.",,free,https://en.wikipedia.org/wiki/Rubixanthin,
E182,E182 - Orcein,,Natural red-violet dye from lichens.,,free,https://en.wikipedia.org/wiki/Orcein,
E632,E632 - Dipotassium inosinate,,"Flavor enhancer, nucleotide.",,free,https://en.wikipedia.org/wiki/Dipotassium_inosinate,
E311,E311 - Octyl gallate,,"Antioxidant, preservative.",,free,https://en.wikipedia.org/wiki/Octyl_gallate,
E270,E270 - Lactic acid,,"Acidity regulator, flavoring agent.",,free,https://www.efsa.europa.eu/en/efsajournal/pub/1537,
E313,E313 - Ethyl gallate,,"Antioxidant, preservative.",,free,https://en.wikipedia.org/wiki/Ethyl_gallate,
E163d,E163d - Pelargonidin,,"Anthocyanin pigment, red colorant.",,free,https://en.wikipedia.org/wiki/Pelargonidin,
E913,E913 - Lanolin,,"Glazing agent, wax from sheep wool.",,free,https://en.wikipedia.org/wiki/Lanolin,
E354,E354 - Calcium tartrate,,"Acidity regulator, calcium salt of tartaric acid.",,free,https://en.wikipedia.org/wiki/Calcium_tartrate,
E307,E307 - Alpha-tocopherol,,"Natural vitamin E, antioxidant.",,free,https://www.efsa.europa.eu/en/efsajournal/pub/1816,
E954,E954 - saccharin and its salts,,Artificial sweetener.,,moderate risk,https://www.efsa.europa.eu/en/efsajournal/pub/1537,
E907,E907 - Hydrogenated poly-1-decene,,"Glazing agent, lubricant.",,free,https://en.wikipedia.org/wiki/Polydecene,
E14XX,E14XX - Modified Starch,,General term for modified starches.,,free,https://www.efsa.europa.eu/en/efsajournal/pub/1538,
E440aii ,E440aii - Sodium pectate,,"Sodium salt of pectin, thickener.",,free,https://en.wikipedia.org/wiki/Pectin,
E161f,E161f - Rhodoxanthin,,"Red pigment, carotenoid.",,free,https://en.wikipedia.org/wiki/Rhodoxanthin,
E402,E402 - Potassium alginate,,"Thickener, stabilizer from seaweed.",,free,https://en.wikipedia.org/wiki/Potassium_alginate,
E163f,E163f - Petunidin,,"Anthocyanin pigment, purple colorant.",,free,https://en.wikipedia.org/wiki/Petunidin,
E943a,E943a - Butane,,"Propellant gas, rarely used in food.",,moderate risk,https://en.wikipedia.org/wiki/Butane,
Potassiu,Potassium iodide,,"Iodine supplement, nutrient.",,free,https://en.wikipedia.org/wiki/Potassium_iodide,
E380,E380 - Triammonium citrate,,"Acidity regulator, ammonium salt of citric acid.",,free,https://en.wikipedia.org/wiki/Ammonium_citrate,
E322a,E322a - Oat lecithin,,Emulsifier from oats.,,free,https://en.wikipedia.org/wiki/Lecithin,
E309,E309 - Delta-tocopherol,,"Form of vitamin E, antioxidant.",,free,https://www.efsa.europa.eu/en/efsajournal/pub/1816,
E958,E958 - Glycyrrhizin,,Sweetener from licorice root.,,free,https://en.wikipedia.org/wiki/Glycyrrhizin,
E909,E909 - Spermaceti,,"Glazing agent, wax from sperm whale oil (now synthetic).",,free,https://en.wikipedia.org/wiki/Spermaceti,
E446,E446 - Succistearin,,"Emulsifier, stabilizer.",,free,https://en.wikipedia.org/wiki/Succistearin,
E905b,E905b - petroleum jelly,,"Glazing agent, lubricant.",,free,https://en.wikipedia.org/wiki/Petroleum_jelly,
E424,E424 - Curdlan,,"Thickener, stabilizer from bacteria.",,free,https://en.wikipedia.org/wiki/Curdlan,
E520,E520 - Aluminium sulphate,,"Firming agent, acidity regulator.",,free,https://en.wikipedia.org/wiki/Aluminium_sulfate,
E466,E466 - Sodium carboxy methyl cellulose,,"Thickener, stabilizer.",,free,https://en.wikipedia.org/wiki/Carboxymethyl_cellulose,
E1420,E1420 - Acetylated starch,,"Modified starch, thickener.",,free,https://www.efsa.europa.eu/en/efsajournal/pub/1538,
E239,E239 - Hexamethylene tetramine,,"Preservative, rarely used in food.",,moderate risk,https://en.wikipedia.org/wiki/Hexamethylenetetramine,
E915,E915 - Esters of Colophane,,"Glazing agent, resin esters.",,free,https://en.wikipedia.org/wiki/Colophony,
E315,E315 - Erythorbic acid,,"Antioxidant, preservative.",,free,https://en.wikipedia.org/wiki/Erythorbic_acid,
E535,E535 - Sodium ferrocyanide,,Anti-caking agent.,,free,https://en.wikipedia.org/wiki/Sodium_ferrocyanide,
E428,E428 - Gelatine,,"Gelling agent, protein from animal collagen.",,free,https://en.wikipedia.org/wiki/Gelatin,
E1210,E1210 - Carbomer,,"Thickener, stabilizer, synthetic polymer.",,free,https://en.wikipedia.org/wiki/Carbomer,
E640,E640 - Glycine and its sodium salt,,"Amino acid, nutrient.",,free,https://en.wikipedia.org/wiki/Glycine,
E1403,E1403 - Bleached starch,,"Modified starch, thickener.",,free,https://www.efsa.europa.eu/en/efsajournal/pub/1538,
E237,E237 - Sodium formiate,,"Preservative, sodium salt of formic acid.",,free,https://en.wikipedia.org/wiki/Sodium_formate,
E1518,E1518 - Glyceryl triacetate,,"Emulsifier, stabilizer.",,free,https://en.wikipedia.org/wiki/Triacetin,
E525,E525 - Potassium hydroxide,,"Acidity regulator, potassium supplement.",,free,https://en.wikipedia.org/wiki/Potassium_hydroxide,
E381,E381 - ferric ammonium citrate,,"Acidity regulator, iron supplement.",,free,https://en.wikipedia.org/wiki/Ferric_ammonium_citrate,
E900b,E900b - Methylphenylpolysiloxane,,"Anti-foaming agent, silicone compound.",,free,https://en.wikipedia.org/wiki/Polysiloxane,
E383,E383 - calcium glycerophosphate,,"Calcium supplement, acidity regulator.",,free,https://en.wikipedia.org/wiki/Calcium_glycerophosphate,
E960c,E960c - Enzymatically produced steviol glycosides,,Sweetener from stevia plant.,,free,https://www.efsa.europa.eu/en/efsajournal/pub/1537,
E227,E227 - Calcium bisulphite,,"Preservative, calcium salt of sulfurous acid.",,moderate risk,https://en.wikipedia.org/wiki/Calcium_bisulfite,
E216,E216 - Propyl para-hydroxybenzoate,,Preservative.,,moderate risk,https://en.wikipedia.org/wiki/Paraben,
E434,E434 - Polyoxyethylene sorbitan monopalmitate,,"Emulsifier, stabilizer.",,free,https://en.wikipedia.org/wiki/Polysorbate_40,
E160ai,E160ai - Beta-carotene,,"Natural orange pigment, provitamin A.",,free,https://en.wikipedia.org/wiki/Beta-Carotene,
E160f,E160f - Ethyl ester of beta-apo-8'-carotenic acid (C 30),,"Orange colorant, carotenoid.",,free,https://en.wikipedia.org/wiki/Beta-apo-8%27-carotenal,
E310,E310 - Propyl gallate,,"Antioxidant, preservative.",,moderate risk,https://en.wikipedia.org/wiki/Propyl_gallate,
E160d,E160d - Lycopene,,Natural red pigment from tomatoes.,,free,https://en.wikipedia.org/wiki/Lycopene,
E910,E910 - Wax ester,,"Glazing agent, wax.",,free,https://en.wikipedia.org/wiki/Wax_ester,
E530,E530 - Magnesium oxide,,"Acidity regulator, magnesium supplement.",,free,https://en.wikipedia.org/wiki/Magnesium_oxide,
E541ii,E541ii - Alkaline sodium aluminium phosphate,,"Leavening agent, acidity regulator.",,free,https://en.wikipedia.org/wiki/Sodium_aluminium_phosphate,
E470a,E470a - Sodium/potassium and calcium salts of fatty acids,,"Emulsifier, stabilizer.",,free,https://www.efsa.europa.eu/en/efsajournal/pub/1555,
E450viii,E450viii,,"Phosphate salt, acidity regulator.",,free,https://www.efsa.europa.eu/en/efsajournal/pub/3146,
E180,E180 - Litholrubine bk,,Synthetic red dye.,,moderate risk,https://en.wikipedia.org/wiki/Lithol_Rubine_BK,
E630,E630 - Inosinic acid,,"Flavor enhancer, nucleotide.",,free,https://en.wikipedia.org/wiki/Inosinic_acid,
E545,E545 - Ammonium polyphosphate,,"Emulsifier, stabilizer.",,free,https://en.wikipedia.org/wiki/Ammonium_polyphosphate,
E161c,E161c - Cryptoaxanthin,,"Orange pigment, carotenoid.",,free,https://en.wikipedia.org/wiki/Cryptoxanthin,
E489,E489 - Methyl glucoside-coconut oil ester,,"Emulsifier, stabilizer.",,free,,
E504,E504 - Magnesium carbonates,,"Acidity regulator, magnesium supplement.",,free,https://en.wikipedia.org/wiki/Magnesium_carbonate,
E557,E557 - hemimorphite,,"Anti-caking agent, zinc silicate mineral.",,free,https://en.wikipedia.org/wiki/Hemimorphite,
E163c,E163c - Malvidin,,"Anthocyanin pigment, purple colorant.",,free,https://en.wikipedia.org/wiki/Malvidin,
E494,E494 - Sorbitan monooleate,,"Emulsifier, stabilizer.",,free,https://en.wikipedia.org/wiki/Sorbitan_monooleate,
E400,E400 - Alginic acid,,"Thickener, stabilizer from seaweed.",,free,https://en.wikipedia.org/wiki/Alginic_acid,
E111,E111 - Orange GGN,,"Synthetic orange dye, not approved in EU.",,high risk,https://en.wikipedia.org/wiki/Orange_GGN,
E559,E559 - Aluminium silicate,,Anti-caking agent.,,free,https://en.wikipedia.org/wiki/Aluminium_silicate,
E508,E508 - Potassium chloride,,"Salt substitute, potassium supplement.",,free,https://en.wikipedia.org/wiki/Potassium_chloride,
E487,E487 - sodium dodecyl sulfate,,"Emulsifier, stabilizer.",,free,https://en.wikipedia.org/wiki/Sodium_dodecyl_sulfate,
E107,E107 - Yellow 2G,,"Synthetic yellow dye, not approved in EU.",,high risk,https://en.wikipedia.org/wiki/Yellow_2G,
E154,E154 - Brown FK,,"Synthetic brown dye, not approved in EU.",,high risk,https://en.wikipedia.org/wiki/Brown_FK,
E161h,E161h - Zeaxanthin,,"Yellow pigment, carotenoid.",,free,https://en.wikipedia.org/wiki/Zeaxanthin,
E1207,E1207 - Anionic methacrylate copolymer,,Coating agent for food supplements.,,free,https://www.efsa.europa.eu/en/efsajournal/pub/3148,
E249,E249 - Potassium nitrite,,"Preservative, curing agent.",,moderate risk,https://en.wikipedia.org/wiki/Potassium_nitrite,
E625,E625 - Magnesium diglutamate,,"Flavor enhancer, magnesium salt of glutamic acid.",,free,https://en.wikipedia.org/wiki/Magnesium_diglutamate,
E553b,E553b - Talc,,"Anti-caking agent, magnesium silicate.",,free,https://en.wikipedia.org/wiki/Talc,
E250,E250 - Sodium nitrite,,"Preservative, curing agent.",,moderate risk,https://en.wikipedia.org/wiki/Sodium_nitrite,
E444,E444 - Sucrose acetate isobutyrate,,"Stabilizer, emulsifier.",,free,https://en.wikipedia.org/wiki/Sucrose_acetate_isobutyrate,
,Nucleic acids,,General term for nucleic acid additives.,,free,,
E1209,E1209 - Polyvinyl alcohol-polyethylene glycol-graft-co-polymer,,Coating agent for food supplements.,,free,https://www.efsa.europa.eu/en/efsajournal/pub/3148,
E297,E297 - Fumaric acid,,"Acidity regulator, flavoring agent.",,free,https://en.wikipedia.org/wiki/Fumaric_acid,
E405,E405 - Propane-1‚2-diol alginate,,"Thickener, stabilizer.",,free,https://en.wikipedia.org/wiki/Propylene_glycol_alginate,
E924b,E924b - Calcium bromate,,"Flour treatment agent, not approved in EU.",,high risk,https://en.wikipedia.org/wiki/Calcium_bromate,
E414a,E414a - E414a food additive,,Unknown or not classified.,,unknown,,
E635,E635 - Disodium 5'-ribonucleotide,,"Flavor enhancer, nucleotide blend.",,free,https://en.wikipedia.org/wiki/Disodium_5%27-ribonucleotide,
E540,E540 - Dicalcium diphosphate,,"Acidity regulator, calcium supplement.",,free,https://en.wikipedia.org/wiki/Dicalcium_phosphate,
E440aiv ,E440aiv - Ammonium Pectate,,"Ammonium salt of pectin, thickener.",,free,https://en.wikipedia.org/wiki/Pectin,
E472c,E472c - Citric acid esters of mono- and diglycerides of fatty acids,,"Emulsifier, stabilizer.",,free,https://www.efsa.europa.eu/en/efsajournal/pub/1543,
E620,E620 - Glutamic acid,,"Flavor enhancer, amino acid.",,free,https://en.wikipedia.org/wiki/Glutamic_acid,
E1410,E1410 - Monostarch phosphate,,"Modified starch, thickener.",,free,https://www.efsa.europa.eu/en/efsajournal/pub/1538,
E160a,E160a - carotene,,"Natural orange pigment, provitamin A.",,free,https://en.wikipedia.org/wiki/Carotene,
E356,E356 - Sodium adipate,,"Acidity regulator, sodium salt of adipic acid.",,free,https://en.wikipedia.org/wiki/Sodium_adipate,
E956,E956 - Alitame,,Artificial sweetener.,,free,https://en.wikipedia.org/wiki/Alitame,
E1430,E1430 - Distarch glycerine,,"Modified starch, thickener.",,free,https://www.efsa.europa.eu/en/efsajournal/pub/1538,
E284,E284 - Boric acid,,"Preservative, acidity regulator.",,moderate risk,https://en.wikipedia.org/wiki/Boric_acid,
E1203,E1203 - Polyvinyl alcohol,,"Coating agent, stabilizer.",,free,https://en.wikipedia.org/wiki/Polyvinyl_alcohol,
E470ai,E470ai - Sodium salts of fatty acids,,"Emulsifier, stabilizer.",,free,https://www.efsa.europa.eu/en/efsajournal/pub/1555,
E541i,E541i - Acid sodium aluminium phosphate,,"Leavening agent, acidity regulator.",,free,https://en.wikipedia.org/wiki/Sodium_aluminium_phosphate,
E1102,E1102 - Glucose oxidase,,"Enzyme, used in baking.",,free,https://en.wikipedia.org/wiki/Glucose_oxidase,
E1450,E1450 - Starch sodium octenyl succinate,,"Modified starch, thickener.",,free,https://www.efsa.europa.eu/en/efsajournal/pub/1538,
E468,E468 - Cross-linked sodium carboxymethylcellulose,,"Thickener, stabilizer.",,free,https://en.wikipedia.org/wiki/Carboxymethyl_cellulose,
E110,E110 - Sunset yellow FCF,,Synthetic yellow dye.,,moderate risk,https://www.efsa.europa.eu/en/efsajournal/pub/1538,
E960d,E960d - Glucosylated steviol glycosides,,Sweetener from stevia plant.,,free,https://www.efsa.europa.eu/en/efsajournal/pub/1537,
E504i,E504i - Magnesium carbonate,,"Acidity regulator, magnesium supplement.",,free,https://en.wikipedia.org/wiki/Magnesium_carbonate,
E419,E419 - Gum ghatti,,"Thickener, stabilizer from ghatti tree.",,free,https://en.wikipedia.org/wiki/Gum_ghatti,
E403,E403 - Ammonium alginate,,"Thickener, stabilizer from seaweed.",,free,https://en.wikipedia.org/wiki/Ammonium_alginate,
E464,E464 - Hydroxypropyl methyl cellulose,,"Thickener, stabilizer.",,free,https://en.wikipedia.org/wiki/Hydroxypropyl_methylcellulose,
E401,E401 - sodium alginate,,"Thickener, stabilizer from seaweed.",,free,https://en.wikipedia.org/wiki/Sodium_alginate,
E312,E312 - Dodecyl gallate,,"Antioxidant, preservative.",,free,https://en.wikipedia.org/wiki/Dodecyl_gallate,
E640ii,E640ii - Sodiumglycinate,,"Amino acid, nutrient.",,free,https://en.wikipedia.org/wiki/Glycine,
E631,E631 - Disodium inosinate,,"Flavor enhancer, nucleotide.",,free,https://en.wikipedia.org/wiki/Disodium_inosinate,
E181,E181 - Tannin,,"Astringent, flavoring agent.",,free,https://en.wikipedia.org/wiki/Tannin,
E912,E912 - Montanic acid esters,,"Glazing agent, wax.",,free,https://en.wikipedia.org/wiki/Montan_wax,
E472a,E472a - Acetic acid esters of mono- and diglycerides of fatty acids,,"Emulsifier, stabilizer.",,free,https://www.efsa.europa.eu/en/efsajournal/pub/1543,
E633,E633 - Calcium inosinate,,"Flavor enhancer, nucleotide.",,free,https://en.wikipedia.org/wiki/Calcium_inosinate,
E560,E560 - Potassium silicate,,"Anti-caking agent, potassium supplement.",,free,https://en.wikipedia.org/wiki/Potassium_silicate,
E426,E426 - Soybean hemicellulose,,"Thickener, stabilizer from soybeans.",,free,https://en.wikipedia.org/wiki/Hemicellulose,
E160c,E160c - Paprika extract,,Natural red colorant from paprika.,,free,https://en.wikipedia.org/wiki/Paprika_oleoresin,
E417,E417 - Tara gum,,"Thickener, stabilizer from tara tree.",,free,https://en.wikipedia.org/wiki/Tara_gum,
E218,E218 - Methyl p-hydroxybenzoate,,"Preservative, paraben family.",,moderate risk,https://en.wikipedia.org/wiki/Methylparaben,
E1521,E1521 - Polyethylene glycol,,"Humectant, stabilizer.",,free,https://en.wikipedia.org/wiki/Polyethylene_glycol,
E623,E623 - Calcium diglutamate,,"Flavor enhancer, calcium salt of glutamic acid.",,free,https://en.wikipedia.org/wiki/Calcium_diglutamate,
E522,E522 - Aluminium potassium sulphate,,"Firming agent, acidity regulator.",,free,https://en.wikipedia.org/wiki/Alum,
E621,E621 - Monosodium glutamate,,"Flavor enhancer, sodium salt of glutamic acid.",,free,https://en.wikipedia.org/wiki/Monosodium_glutamate,
E1400,E1400 - Dextrin,,"Thickener, stabilizer, carbohydrate.",,free,https://en.wikipedia.org/wiki/Dextrin,
E161a,E161a - Flavoxanthin,,"Yellow pigment, carotenoid.",,free,https://en.wikipedia.org/wiki/Flavoxanthin,
E436,E436 - Polyoxyethylene sorbitan tristearate,,"Emulsifier, stabilizer.",,free,https://en.wikipedia.org/wiki/Polysorbate_65,
E163a,E163a - Cyanidin,,"Anthocyanin pigment, red colorant.",,free,https://en.wikipedia.org/wiki/Cyanidin,
E214,E214 - Ethyl p-hydroxybenzoate,,"Preservative, paraben family.",,moderate risk,https://en.wikipedia.org/wiki/Ethylparaben,
E541,E541 - Sodium aluminium phosphate,,"Leavening agent, acidity regulator.",,free,https://en.wikipedia.org/wiki/Sodium_aluminium_phosphate,
E642,E642,,"Amino acid, nutrient (possibly L-glutamine).",,free,https://en.wikipedia.org/wiki/Glutamine,
E543,E543 - E543 food additive,,Unknown or not classified.,,unknown,,
E251,E251 - Sodium nitrate,,"Preservative, curing agent.",,moderate risk,https://en.wikipedia.org/wiki/Sodium_nitrate,
E1423,E1423 - Acetylated distarch glycerol,,"Modified starch, thickener.",,free,https://www.efsa.europa.eu/en/efsajournal/pub/1538,
E220,E220 - Sulphur dioxide,,"Preservative, antioxidant.",,moderate risk,https://en.wikipedia.org/wiki/Sulfur_dioxide,
E161g,E161g - Canthaxanthin,,"Orange pigment, carotenoid.",,free,https://en.wikipedia.org/wiki/Canthaxanthin,
E539,E539 - sodium thiosulfate,,"Preservative, antioxidant.",,free,https://en.wikipedia.org/wiki/Sodium_thiosulfate,
E1401,E1401 - Acid-treated modified starch,,"Modified starch, thickener.",,free,https://www.efsa.europa.eu/en/efsajournal/pub/1538,
E319,E319 - Tertiary-butylhydroquinone (tbhq),,"Antioxidant, preservative.",,moderate risk,https://en.wikipedia.org/wiki/Tert-Butylhydroquinone,
E919,E919 - Nitrosyl chloride,,"Preservative, rarely used in food.",,moderate risk,https://en.wikipedia.org/wiki/Nitrosyl_chloride,
E307b,E307b - concentrated tocopherol,,"Vitamin E concentrate, antioxidant.",,free,https://www.efsa.europa.eu/en/efsajournal/pub/1816,
E1520,E1520 - Propylene Glycol,,"Humectant, solvent, stabilizer.",,free,https://en.wikipedia.org/wiki/Propylene_glycol,
E368,E368 - ammonium fumarate,,"Acidity regulator, ammonium salt of fumaric acid.",,free,https://en.wikipedia.org/wiki/Ammonium_fumarate,
E968,E968 - Erythritol,,"Sugar alcohol, sweetener.",,free,https://en.wikipedia.org/wiki/Erythritol,
E650,E650 - Zinc acetate,,"Zinc supplement, acidity regulator.",,free,https://en.wikipedia.org/wiki/Zinc_acetate,
E412,E412 - Guar gum,,"Thickener, stabilizer from guar beans.",,free,https://en.wikipedia.org/wiki/Guar_gum,
E537,E537 - ferrous hexacyanomanganate,,"Anti-caking agent, iron supplement.",,free,https://en.wikipedia.org/wiki/Ferrocyanide,
E317,E317 - Erythorbin acid,,"Antioxidant, preservative.",,free,https://en.wikipedia.org/wiki/Erythorbic_acid,
E917,E917 - potassium iodate,,"Iodine supplement, flour treatment agent.",,free,https://en.wikipedia.org/wiki/Potassium_iodate,
E326,E326 - potassium lactate,,"Acidity regulator, potassium salt of lactic acid.",,free,https://en.wikipedia.org/wiki/Potassium_lactate,
E926,E926 - Chlorine dioxide,,"Flour treatment agent, disinfectant.",,moderate risk,https://en.wikipedia.org/wiki/Chlorine_dioxide,
E1503,E1503 - Castor oil,,"Glazing agent, laxative.",,free,https://en.wikipedia.org/wiki/Castor_oil,
E235,E235 - Natamycin,,"Preservative, antifungal agent.",,free,https://en.wikipedia.org/wiki/Natamycin,
E901,E901 - white and yellow beeswax,,"Glazing agent, wax from bees.",,free,https://en.wikipedia.org/wiki/Beeswax,
,Isomaltose,,"Sugar, carbohydrate.",,free,https://en.wikipedia.org/wiki/Isomaltose,
E301,E301 - Sodium ascorbate,,"Antioxidant, vitamin C derivative.",,free,https://en.wikipedia.org/wiki/Sodium_ascorbate,
E964,E964 - Polyglycitol syrup,,"Sweetener, sugar alcohol syrup.",,free,https://en.wikipedia.org/wiki/Polyglycitol_syrup,
E303,E303 - Potassium ascorbate,,"Antioxidant, vitamin C derivative.",,free,https://en.wikipedia.org/wiki/Potassium_ascorbate,
E903,E903 - Carnauba wax,,"Glazing agent, wax from carnauba palm.",,free,https://en.wikipedia.org/wiki/Carnauba_wax,
E101ii,E101ii - Riboflavin-5′-phosphate,,"Vitamin B2 derivative, colorant.",,free,https://en.wikipedia.org/wiki/Riboflavin_5%27-phosphate,
E336,E336 - Potassium tartrates,,"Acidity regulator, potassium salt of tartaric acid.",,free,https://en.wikipedia.org/wiki/Potassium_tartrate,
E516,E516 - Calcium sulphate,,"Firming agent, calcium supplement.",,free,https://en.wikipedia.org/wiki/Calcium_sulfate,
E160aii ,E160aii - Plant carotenes,,"Natural orange pigment, provitamin A.",,free,https://en.wikipedia.org/wiki/Carotene,
E527,E527 - Ammonium hydroxide,,"Acidity regulator, leavening agent.",,free,https://en.wikipedia.org/wiki/Ammonium_hydroxide,
E128,E128 - Red 2G,,"Synthetic red dye, not approved in EU.",,high risk,https://en.wikipedia.org/wiki/Red_2G,
E225,E225 - Calcium Disulphite,,"Preservative, calcium salt of sulfurous acid.",,moderate risk,https://en.wikipedia.org/wiki/Calcium_disulfite,
E1451,E1451 - Acetylated oxidised starch,,"Modified starch, thickener.",,free,https://www.efsa.europa.eu/en/efsajournal/pub/1538,
E166,E166 - Sandalwood,,Natural red colorant from sandalwood.,,free,https://en.wikipedia.org/wiki/Santalin,
E571,E571,,"Fatty acid, anti-caking agent.",,free,https://en.wikipedia.org/wiki/Stearic_acid,
E472g,E472g - Succinylated monoglycerides,,"Emulsifier, stabilizer.",,free,https://en.wikipedia.org/wiki/Monoglyceride,
E230,E230 - Biphenyl,,"Preservative, fungicide.",,moderate risk,https://en.wikipedia.org/wiki/Biphenyl,
E573,E573 - Aluminium stearate,,"Emulsifier, stabilizer.",,free,https://en.wikipedia.org/wiki/Aluminium_stearate,
E514ii,E514ii - Sodium hydrogen sulphate,,"Acidity regulator, sodium salt of sulfuric acid.",,free,https://en.wikipedia.org/wiki/Sodium_bisulfate,
E529,E529 - Calcium oxide,,"Acidity regulator, calcium supplement.",,free,https://en.wikipedia.org/wiki/Calcium_oxide,
E262,E262 - Sodium acetates,,"Acidity regulator, sodium salt of acetic acid.",,free,https://en.wikipedia.org/wiki/Sodium_acetate,
E905e,E905e - Mineral oil medium viscosity,,"Glazing agent, lubricant.",,free,https://en.wikipedia.org/wiki/Mineral_oil,
E124,E124 - Ponceau 4r,,Synthetic red dye.,,moderate risk,https://en.wikipedia.org/wiki/Ponceau_4R,
E575,E575 - Glucono-delta-lactone,,"Acidity regulator, leavening agent.",,free,https://en.wikipedia.org/wiki/Glucono_delta-lactone,
E300,E300 - Ascorbic acid,,"Antioxidant, vitamin C.",,free,https://en.wikipedia.org/wiki/Ascorbic_acid,
E900,E900 - Dimethylpolysiloxane and Methylphenylpolysiloxane,,"Anti-foaming agent, silicone compound.",,free,https://en.wikipedia.org/wiki/Polysiloxane,
E242,E242 - Dimethyl dicarbonate,,"Preservative, sterilizing agent.",,free,https://en.wikipedia.org/wiki/Dimethyl_dicarbonate,
E552,E552 - Calcium silicate,,"Anti-caking agent, calcium supplement.",,free,https://en.wikipedia.org/wiki/Calcium_silicate,
,Ammonium and sodium carbonates,,General term for carbonate salts.,,free,,
E150d,E150d - Sulphite ammonia caramel,,"Brown colorant, caramel type IV.",,free,https://en.wikipedia.org/wiki/Caramel_color,
E102,E102 - Tartrazine,,Synthetic yellow dye.,,moderate risk,https://en.wikipedia.org/wiki/Tartrazine,
E221,E221 - Sodium sulphite,,"Preservative, antioxidant.",,moderate risk,https://en.wikipedia.org/wiki/Sodium_sulfite,
E223,E223 - Sodium metabisulphite,,"Preservative, antioxidant.",,moderate risk,https://en.wikipedia.org/wiki/Sodium_metabisulfite,
E482,E482 - Calcium stearoyl-2-lactylate,,"Emulsifier, stabilizer.",,free,https://en.wikipedia.org/wiki/Calcium_stearoyl-2-lactylate,
E1411,E1411 - Distarch glycerol,,"Modified starch, thickener.",,free,https://www.efsa.europa.eu/en/efsajournal/pub/1538,
E1519,E1519 - Benzyl alcohol,,"Flavoring agent, solvent.",,free,https://en.wikipedia.org/wiki/Benzyl_alcohol,
E474,E474 - Sucroglycerides,,"Emulsifier, stabilizer.",,free,https://en.wikipedia.org/wiki/Sucroglycerides,
E1517,E1517 - Glyceryl diacetate,,"Emulsifier, stabilizer.",,free,https://en.wikipedia.org/wiki/Glyceryl_diacetate,
E233,E233 - Thiabendazole,,"Preservative, fungicide.",,moderate risk,https://en.wikipedia.org/wiki/Thiabendazole,
E570,E570 - Fatty acids,,"Emulsifier, stabilizer.",,free,https://en.wikipedia.org/wiki/Fatty_acid,
E231,E231 - Orthophenyl phenol,,"Preservative, fungicide.",,moderate risk,https://en.wikipedia.org/wiki/2-Phenylphenol,
E586,E586 - 4-hexylresorcinol,,"Preservative, antioxidant.",,free,https://en.wikipedia.org/wiki/4-Hexylresorcinol,
E905,E905 - Synthetic wax,,"Glazing agent, wax.",,free,https://en.wikipedia.org/wiki/Wax,
E344,E344 - Lecithin citrate,,"Emulsifier, stabilizer.",,free,https://en.wikipedia.org/wiki/Lecithin,
E944,E944 - Propane,,"Propellant gas, rarely used in food.",,moderate risk,https://en.wikipedia.org/wiki/Propane,
E336i,E336i - Monopotassium tartrate,,"Acidity regulator, potassium salt of tartaric acid.",,free,https://en.wikipedia.org/wiki/Potassium_tartrate,
E478,E478 - Lactylated fatty acid esters of glycerol and propane-1,,"Emulsifier, stabilizer.",,free,https://en.wikipedia.org/wiki/Lactylate,
E262i,E262i - Sodium acetate,,"Acidity regulator, sodium salt of acetic acid.",,free,https://en.wikipedia.org/wiki/Sodium_acetate,
E948,E948 - Oxygen,,"Packaging gas, inert gas.",,free,https://en.wikipedia.org/wiki/Oxygen,
E366,E366 - Potassium fumarate,,"Acidity regulator, potassium salt of fumaric acid.",,free,https://en.wikipedia.org/wiki/Potassium_fumarate,
E966,E966 - Lactitol,,"Sugar alcohol, sweetener.",,free,https://en.wikipedia.org/wiki/Lactitol,
E150a,E150a - Plain caramel,,"Brown colorant, caramel type I.",,free,https://en.wikipedia.org/wiki/Caramel_color,
E324,E324 - Ethoxyquin,,"Preservative, antioxidant.",,moderate risk,https://en.wikipedia.org/wiki/Ethoxyquin,
E924,E924 - Potassium bromate,,"Flour treatment agent, not approved in EU.",,high risk,https://en.wikipedia.org/wiki/Potassium_bromate,
E232,E232 - Sodium orthophenyl phenol,,"Preservative, fungicide.",,moderate risk,https://en.wikipedia.org/wiki/2-Phenylphenol,
E260,E260 - Acetic acid,,"Acidity regulator, flavoring agent.",,free,https://en.wikipedia.org/wiki/Acetic_acid,
E328,E328 - ammonium lactate,,"Acidity regulator, ammonium salt of lactic acid.",,free,https://en.wikipedia.org/wiki/Ammonium_lactate,
E928,E928 - Benzole peroxide,,"Flour treatment agent, bleaching agent.",,moderate risk,https://en.wikipedia.org/wiki/Benzoyl_peroxide,
E1208,E1208 - Polyvinylpyrrolidone-vinyl acetate copolymer,,Coating agent for food supplements.,,free,https://en.wikipedia.org/wiki/Polyvinylpyrrolidone,
E415,E415 - Xanthan gum,,"Thickener, stabilizer from bacteria.",,free,https://en.wikipedia.org/wiki/Xanthan_gum,
E222,E222 - Sodium bisulphite,,"Preservative, antioxidant.",,moderate risk,https://en.wikipedia.org/wiki/Sodium_bisulfite,
E483,E483 - Stearyl tartrate,,"Emulsifier, stabilizer.",,free,https://en.wikipedia.org/wiki/Stearyl_tartrate,
E481,E481 - Sodium stearoyl-2-lactylate,,"Emulsifier, stabilizer.",,free,https://en.wikipedia.org/wiki/Sodium_stearoyl-2-lactylate,
E1421,E1421 - Acetylated starch,,"Modified starch, thickener.",,free,https://www.efsa.europa.eu/en/efsajournal/pub/1538,
E126,E126 - Ponceau 6R,,"Synthetic red dye, not approved in EU.",,high risk,https://en.wikipedia.org/wiki/Ponceau_6R,
E1442,E1442 - Hydroxypropyl distarch phosphate,,"Modified starch, thickener.",,free,https://www.efsa.europa.eu/en/efsajournal/pub/1538,
E336ii,E336ii - Dipotassium tartrate,,"Acidity regulator, potassium salt of tartaric acid.",,free,https://en.wikipedia.org/wiki/Potassium_tartrate,
E338,E338 - Phosphoric acid,,"Acidity regulator, flavoring agent.",,free,https://en.wikipedia.org/wiki/Phosphoric_acid,
E938,E938 - Argon,,"Packaging gas, inert gas.",,free,https://en.wikipedia.org/wiki/Argon,
E518,E518 - Magnesium sulphate,,"Firming agent, magnesium supplement.",,free,https://en.wikipedia.org/wiki/Magnesium_sulfate,
E101,E101 - Riboflavin,,"Vitamin B2, colorant.",,free,https://en.wikipedia.org/wiki/Riboflavin,
E164,E164 - saffron,,Natural yellow colorant from saffron.,,free,https://en.wikipedia.org/wiki/Saffron,
E103,E103 - Alkannin,,Natural red colorant from Alkanna tinctoria.,,free,https://en.wikipedia.org/wiki/Alkannin,
E553,E553 - Magnesium silicates,,"Anti-caking agent, magnesium supplement.",,free,https://en.wikipedia.org/wiki/Magnesium_silicate,
E410,E410 - Locust bean gum,,"Thickener, stabilizer from carob seeds.",,free,https://en.wikipedia.org/wiki/Locust_bean_gum,
E551,E551 - Silicon dioxide,,"Anti-caking agent, silica.",,free,https://en.wikipedia.org/wiki/Silicon_dioxide,
E160aiv,E160aiv - Algal carotenes,,Natural orange pigment from algae.,,free,https://en.wikipedia.org/wiki/Carotene,
E334,E334 - L(+)-tartaric acid,,"Acidity regulator, flavoring agent.",,free,https://en.wikipedia.org/wiki/Tartaric_acid,
E262ii,E262ii - Sodium diacetate,,"Acidity regulator, sodium salt of acetic acid.",,free,https://en.wikipedia.org/wiki/Sodium_diacetate,
E514,E514 - Sodium sulphates,,"Acidity regulator, sodium salt of sulfuric acid.",,free,https://en.wikipedia.org/wiki/Sodium_sulfate,
E243,E243 - Ethyl lauroyl arginate,,"Preservative, antimicrobial agent.",,free,https://en.wikipedia.org/wiki/Ethyl_lauroyl_arginate,
E440a,E440a - Pectin,,"Thickener, stabilizer from fruits.",,free,https://en.wikipedia.org/wiki/Pectin,
E265,E265 - Dehydroacetic acid,,"Preservative, fungicide.",,free,https://en.wikipedia.org/wiki/Dehydroacetic_acid,
E241,E241 - Gum Guaicum,,"Thickener, stabilizer from guaiacum trees.",,free,https://en.wikipedia.org/wiki/Gum_guaiac,
E555,E555 - Potassium aluminium silicate,,"Anti-caking agent, potassium supplement.",,free,https://en.wikipedia.org/wiki/Potassium_aluminium_silicate,
E572,E572 - Magnesium stearate,,"Anti-caking agent, magnesium supplement.",,free,https://en.wikipedia.org/wiki/Magnesium_stearate,
E290,E290 - Carbon dioxide,,"Packaging gas, carbonation agent.",,free,https://en.wikipedia.org/wiki/Carbon_dioxide,
E263,E263 - Calcium acetate,,"Acidity regulator, calcium supplement.",,free,https://en.wikipedia.org/wiki/Calcium_acetate,
E629,E629 - Calcium guanylate,,"Flavor enhancer, nucleotide.",,free,https://en.wikipedia.org/wiki/Calcium_guanylate,
E261,E261 - Potassium acetate,,"Acidity regulator, potassium salt of acetic acid.",,free,https://en.wikipedia.org/wiki/Potassium_acetate,
E485,E485 - Sodium stearoyl fumarate,,"Emulsifier, stabilizer.",,free,https://en.wikipedia.org/wiki/Sodium_stearoyl_fumarate,
E105,E105 - E105 food additive,,Unknown or not classified.,,unknown,,
E627,E627 - Disodium guanylate,,"Flavor enhancer, nucleotide.",,free,https://en.wikipedia.org/wiki/Disodium_guanylate,
E1201,E1201 - Polyvinylpyrrolidone,,"Coating agent, stabilizer.",,free,https://en.wikipedia.org/wiki/Polyvinylpyrrolidone,
E407,E407 - Carrageenan,,"Thickener, stabilizer from seaweed.",,free,https://en.wikipedia.org/wiki/Carrageenan,
E302,E302 - Calcium ascorbate,,"Antioxidant, vitamin C derivative.",,free,https://en.wikipedia.org/wiki/Calcium_ascorbate,
E902,E902 - Candelilla wax,,"Glazing agent, wax from candelilla shrub.",,free,https://en.wikipedia.org/wiki/Candelilla_wax,
E1105,E1105 - Lysozyme,,"Enzyme, preservative.",,free,https://en.wikipedia.org/wiki/Lysozyme,
E101i,E101i - Riboflavin,,"Vitamin B2, colorant.",,free,https://en.wikipedia.org/wiki/Riboflavin,
E240,E240 - Formaldehyde,,"Preservative, not approved in food.",,high risk,https://en.wikipedia.org/wiki/Formaldehyde,
E413,E413 - Tragacanth,,"Thickener, stabilizer from Astragalus plants.",,free,https://en.wikipedia.org/wiki/Tragacanth,
E470aii ,E470aii - Potassium salts of fatty acids,,"Emulsifier, stabilizer.",,free,https://www.efsa.europa.eu/en/efsajournal/pub/1555,
E411,E411 - E411 food additive,,Unknown or not classified.,,unknown,,
E150c,E150c - Ammonia caramel,,"Brown colorant, caramel type III.",,free,https://en.wikipedia.org/wiki/Caramel_color,
Organic ,Organic acids,,General term for organic acid additives.,,free,,
E550,E550 - Sodium silicate,,"Anti-caking agent, sodium supplement.",,free,https://en.wikipedia.org/wiki/Sodium_silicate,
E637,E637 - Ethyl maltol,,"Flavor enhancer, sweetener.",,free,https://en.wikipedia.org/wiki/Ethyl_maltol,
E514i,E514i - Sodium sulphate,,"Acidity regulator, sodium salt of sulfuric acid.",,free,https://en.wikipedia.org/wiki/Sodium_sulfate,
E946,E946 - octafluorocyclobutane,,"Propellant gas, rarely used in food.",,moderate risk,https://en.wikipedia.org/wiki/Octafluorocyclobutane,
E458,E458 - Gamma-Cyclodextrine,,"Stabilizer, encapsulating agent.",,free,https://en.wikipedia.org/wiki/Gamma-Cyclodextrin,
E409,E409 - Arabinogalactan,,"Thickener, stabilizer from larch trees.",,free,https://en.wikipedia.org/wiki/Arabinogalactan,
E1510,E1510 - Ethanol,,"Solvent, flavoring agent.",,free,https://en.wikipedia.org/wiki/Ethanol,
E100,E100 - Curcumin,,Natural yellow colorant from turmeric.,,free,https://en.wikipedia.org/wiki/Curcumin,
E476,E476 - Polyglycerol polyricinoleate,,"Emulsifier, stabilizer.",,free,https://en.wikipedia.org/wiki/Polyglycerol_polyricinoleate,
E927a,E927a - Azodicarbonamide,,"Flour treatment agent, not approved in EU.",,high risk,https://en.wikipedia.org/wiki/Azodicarbonamide,
E501ii,E501ii - Potassium hydrogen carbonate,,"Leavening agent, acidity regulator.",,free,https://en.wikipedia.org/wiki/Potassium_bicarbonate,
E170i,E170i - Calcium carbonate,,"Acidity regulator, calcium supplement.",,free,https://en.wikipedia.org/wiki/Calcium_carbonate,
E212,E212 - Potassium benzoate,,"Preservative, potassium salt of benzoic acid.",,free,https://en.wikipedia.org/wiki/Potassium_benzoate,
E503ii,E503ii - Ammonium hydrogen carbonate,,"Leavening agent, acidity regulator.",,free,https://en.wikipedia.org/wiki/Ammonium_bicarbonate,
E127,E127 - Erythrosine,,Synthetic red dye.,,moderate risk,https://en.wikipedia.org/wiki/Erythrosine,
E528,E528 - Magnesium hydroxide,,"Acidity regulator, magnesium supplement.",,free,https://en.wikipedia.org/wiki/Magnesium_hydroxide,
E435,E435 - Polyoxyethylene sorbitan monostearate,,"Emulsifier, stabilizer.",,free,https://en.wikipedia.org/wiki/Polysorbate_60,
E460ii,E460ii - Powdered cellulose,,"Thickener, stabilizer, fiber.",,free,https://en.wikipedia.org/wiki/Cellulose,
E160aiii,E160aiii - Beta-carotene from blakeslea trispora,,Natural orange pigment from fungus.,,free,https://en.wikipedia.org/wiki/Beta-Carotene,
E900a,E900a - Dimethyl polysiloxane,,"Anti-foaming agent, silicone compound.",,free,https://en.wikipedia.org/wiki/Polysiloxane,
E1443,E1443 - Hydroxy propyl distarch glycerol,,"Modified starch, thickener.",,free,https://www.efsa.europa.eu/en/efsajournal/pub/1538,
,Diphosphates and sodium carbonates,,General term for diphosphate and carbonate salts.,,free,,
E171,E171 - Titanium dioxide,,"White colorant, pigment.",,moderate risk,https://en.wikipedia.org/wiki/Titanium_dioxide,
E420,E420 - Sorbitol,,"Sugar alcohol, sweetener.",,free,https://en.wikipedia.org/wiki/Sorbitol,
E173,E173 - Aluminium,,"Colorant, decorative coating.",,free,https://en.wikipedia.org/wiki/Aluminium,
E160bi -,E160bi - Annatto bixin,,Natural orange colorant from annatto.,,free,https://en.wikipedia.org/wiki/Annatto,
E129,E129 - Allura red,,Synthetic red dye.,,moderate risk,https://en.wikipedia.org/wiki/Allura_Red_AC,
E1504,E1504 - ethyl acetate,,"Solvent, flavoring agent.",,free,https://en.wikipedia.org/wiki/Ethyl_acetate,
E339ii,E339ii - Disodium phosphate,,"Acidity regulator, sodium salt of phosphoric acid.",,free,https://en.wikipedia.org/wiki/Disodium_phosphate,
E524,E524 - Sodium hydroxide,,"Acidity regulator, cleaning agent.",,free,https://en.wikipedia.org/wiki/Sodium_hydroxide,
E470b,E470b - Magnesium salts of fatty acids,,"Emulsifier, stabilizer.",,free,https://www.efsa.europa.eu/en/efsajournal/pub/1555,
E967,E967 - Xylitol,,"Sugar alcohol, sweetener.",,free,https://en.wikipedia.org/wiki/Xylitol,
E367,E367 - Calcium fumarate,,"Acidity regulator, calcium salt of fumaric acid.",,free,https://en.wikipedia.org/wiki/Calcium_fumarate,
E953,E953 - isomalt,,"Sugar alcohol, sweetener.",,free,https://en.wikipedia.org/wiki/Isomalt,
E353,E353 - Metatartaric acid,,"Acidity regulator, stabilizer.",,free,https://en.wikipedia.org/wiki/Metatartaric_acid,
E351,E351 - Potassium malate,,"Acidity regulator, potassium salt of malic acid.",,free,https://en.wikipedia.org/wiki/Potassium_malate,
E430,E430 - Polyoxyethylene (8) stearate,,"Emulsifier, stabilizer.",,free,https://en.wikipedia.org/wiki/Polyoxyethylene_stearate,
E951,E951 - Aspartame,,Artificial sweetener.,,moderate risk,https://en.wikipedia.org/wiki/Aspartame,
E905a,E905a - mineral oil,,"Glazing agent, lubricant.",,free,https://en.wikipedia.org/wiki/Mineral_oil,
E462,E462 - Ethyl cellulose,,"Thickener, stabilizer, fiber.",,free,https://en.wikipedia.org/wiki/Ethyl_cellulose,
E914,E914 - Oxidised polyethylene wax,,"Glazing agent, wax.",,free,https://en.wikipedia.org/wiki/Oxidized_polyethylene_wax,
E314,E314 - Guaiacum,,"Antioxidant, resin from guaiacum trees.",,free,https://en.wikipedia.org/wiki/Guaiacum,
E969,E969 - Advantame,,Artificial sweetener.,,free,https://en.wikipedia.org/wiki/Advantame,
E369,E369 - Alanin,,"Amino acid, nutrient.",,free,https://en.wikipedia.org/wiki/Alanine,
E350i,E350i - Sodium malate,,"Acidity regulator, sodium salt of malic acid.",,free,https://en.wikipedia.org/wiki/Sodium_malate,
E425,E425 - Konjac,,"Thickener, stabilizer from konjac root.",,free,https://en.wikipedia.org/wiki/Konjac,
,Amino acids,,General term for amino acid additives.,,free,,
E918,E918 - Nitrogen oxides,,"Propellant gas, rarely used in food.",,unknown,https://en.wikipedia.org/wiki/Nitrogen_oxide,
E318,E318 - Calcium erythorbin,,"Antioxidant, preservative.",,free,https://en.wikipedia.org/wiki/Erythorbic_acid,
E538,E538 - Calcium ferrocyanide,,"Anti-caking agent, calcium supplement.",,free,https://en.wikipedia.org/wiki/Calcium_ferrocyanide,
E450v,E450v - Tetrapotassium diphosphate,,"Emulsifier, stabilizer.",,free,https://en.wikipedia.org/wiki/Tetrapotassium_pyrophosphate,
E553ai,E553ai - Synthetic magnesium silicate,,"Anti-caking agent, magnesium supplement.",,free,https://en.wikipedia.org/wiki/Magnesium_silicate,
E1101,E1101 - Protease,,"Enzyme, used in baking.",,free,https://en.wikipedia.org/wiki/Protease,
E949,E949 - Hydrogen,,"Packaging gas, inert gas.",,free,https://en.wikipedia.org/wiki/Hydrogen,
E349,E349 - ammonium malate,,"Acidity regulator, ammonium salt of malic acid.",,free,https://en.wikipedia.org/wiki/Ammonium_malate,
E406,E406 - Agar,,"Thickener, stabilizer from seaweed.",,free,https://en.wikipedia.org/wiki/Agar,
E1205,E1205 - Basic methacrylate copolymer,,Coating agent for food supplements.,,free,https://en.wikipedia.org/wiki/Methacrylate_copolymer,
E170,E170 - Calcium carbonates,,"Acidity regulator, calcium supplement.",,free,https://en.wikipedia.org/wiki/Calcium_carbonate,
E943b,E943b - Isobutane,,"Propellant gas, rarely used in food.",,moderate risk,https://en.wikipedia.org/wiki/Isobutane,
E421,E421 - Mannitol,,"Sugar alcohol, sweetener.",,free,https://en.wikipedia.org/wiki/Mannitol,
E282,E282 - calcium propionate,,"Preservative, calcium salt of propionic acid.",,free,https://en.wikipedia.org/wiki/Calcium_propanoate,
E636,E636 - Maltol,,"Flavor enhancer, sweetener.",,free,https://en.wikipedia.org/wiki/Maltol,
E905c,E905c - Petroleum wax,,"Glazing agent, wax.",,free,https://en.wikipedia.org/wiki/Wax,
E355,E355 - Adipic acid,,"Acidity regulator, flavoring agent.",,free,https://en.wikipedia.org/wiki/Adipic_acid,
E955,E955 - Sucralose,,Artificial sweetener.,,free,https://en.wikipedia.org/wiki/Sucralose,
E442,E442 - Ammonium phosphatides,,"Emulsifier, stabilizer.",,free,https://en.wikipedia.org/wiki/Ammonium_phosphatide,
E352ii,E352ii - Calcium hydrogen malate,,"Acidity regulator, calcium supplement.",,free,https://en.wikipedia.org/wiki/Calcium_malate,
E452vi,E452vi - Sodium tripolyphosphate,,"Emulsifier, stabilizer.",,free,https://en.wikipedia.org/wiki/Sodium_triphosphate,
E500ii,E500ii - Sodium hydrogen carbonate,,"Leavening agent, acidity regulator.",,free,https://en.wikipedia.org/wiki/Sodium_bicarbonate,
E420i,E420i - D-sorbitol,,"Sugar alcohol, sweetener.",,free,https://en.wikipedia.org/wiki/Sorbitol,
E477,E477 - Propane-1‚2-diol esters of fatty acids,,"Emulsifier, stabilizer.",,free,https://en.wikipedia.org/wiki/Propylene_glycol_esters_of_fatty_acids,
E175,E175 - Gold,,"Colorant, decorative coating.",,free,https://en.wikipedia.org/wiki/Gold,
E546,E546 - Magnesium pyrophosphate,,"Magnesium supplement, stabilizer.",,free,https://en.wikipedia.org/wiki/Magnesium_pyrophosphate,
E960b,E960b - Rebaudioside from multiple gene donors expressed in Yarrowia lipolityca,,"Sweetener from stevia plant, genetically engineered.",,free,https://en.wikipedia.org/wiki/Rebaudioside_A,
E384,E384 - Isopropyl citrates,,"Antioxidant, preservative.",,free,https://en.wikipedia.org/wiki/Isopropyl_citrate,
E172ii,E172ii - Red iron oxide,,"Colorant, iron oxide pigment.",,free,https://en.wikipedia.org/wiki/Iron_oxide,
E450iv,E450iv - dipotassium dihydrogenpyrophosphate,,"Emulsifier, stabilizer.",,free,https://en.wikipedia.org/wiki/Dipotassium_pyrophosphate,
E450iii,E450iii - Tetrasodium diphosphate,,"Emulsifier, stabilizer.",,free,https://en.wikipedia.org/wiki/Tetrasodium_pyrophosphate,
E331iii,E331iii - Trisodium citrate,,"Acidity regulator, sodium salt of citric acid.",,free,https://en.wikipedia.org/wiki/Trisodium_citrate,
E333iii,E333iii - Tricalcium citrate,,"Calcium supplement, acidity regulator.",,free,https://en.wikipedia.org/wiki/Tricalcium_citrate,
E152,E152 - Black 7984,,"Synthetic black dye, not approved in EU.",,high risk,https://en.wikipedia.org/wiki/Black_7984,
E999,E999 - Quillaia extract,,"Foaming agent, extract from quillaia bark.",,free,https://en.wikipedia.org/wiki/Quillaia,
E399,E399 - Calcium lactobionate,,"Calcium supplement, stabilizer.",,free,https://en.wikipedia.org/wiki/Calcium_lactobionate,
E425i,E425i - Konjac gum,,"Thickener, stabilizer from konjac root.",,free,https://en.wikipedia.org/wiki/Konjac,
E388,E388 - Thiodipropionic acid,,"Antioxidant, preservative.",,free,https://en.wikipedia.org/wiki/Thiodipropionic_acid,
E502,E502 - Carbonates,,"Leavening agent, acidity regulator.",,free,https://en.wikipedia.org/wiki/Carbonate,
E433,E433 - Polyoxyethylene sorbitan monooleate,,"Emulsifier, stabilizer.",,free,https://en.wikipedia.org/wiki/Polysorbate_80,
E950,E950 - Acesulfame k,,Artificial sweetener.,,free,https://en.wikipedia.org/wiki/Acesulfame_potassium,
E440ii,E440ii - Amidated pectin,,"Modified pectin, thickener.",,free,https://en.wikipedia.org/wiki/Pectin,
E350,E350 - Sodium malates,,"Acidity regulator, sodium salt of malic acid.",,free,https://en.wikipedia.org/wiki/Sodium_malate,
E431,E431 - Polyoxyethylene (40) stearate,,"Emulsifier, stabilizer.",,free,https://en.wikipedia.org/wiki/Polyoxyethylene_stearate,
E492,E492 - Sorbitan tristearate,,"Emulsifier, stabilizer.",,free,https://en.wikipedia.org/wiki/Sorbitan_tristearate,
E626,E626 - Guanylic acid,,"Flavor enhancer, nucleotide.",,free,https://en.wikipedia.org/wiki/Guanylic_acid,
E493,E493 - Sorbitan monolaurate,,"Emulsifier, stabilizer.",,free,https://en.wikipedia.org/wiki/Sorbitan_monolaurate,
E491,E491 - Sorbitan monostearate,,"Emulsifier, stabilizer.",,free,https://en.wikipedia.org/wiki/Sorbitan_monostearate,
E432,E432 - Polyoxyethylene sorbitan monolaurate,,"Emulsifier, stabilizer.",,free,https://en.wikipedia.org/wiki/Polysorbate_20,
E517,E517 - Ammonium sulphate,,"Acidity regulator, ammonium supplement.",,free,https://en.wikipedia.org/wiki/Ammonium_sulfate,
E337,E337 - Potassium sodium tartrate,,"Acidity regulator, potassium and sodium salt of tartaric acid.",,free,https://en.wikipedia.org/wiki/Potassium_sodium_tartrate,
E460,E460 - Cellulose,,"Thickener, stabilizer, fiber.",,free,https://en.wikipedia.org/wiki/Cellulose,
E526,E526 - Calcium hydroxide,,"Firming agent, calcium supplement.",,free,https://en.wikipedia.org/wiki/Calcium_hydroxide,
E163b,E163b - Delphinidin,,"Anthocyanin pigment, blue colorant.",,free,https://en.wikipedia.org/wiki/Delphinidin,
E215,E215 - Sodium ethyl p-hydroxybenzoate,,"Preservative, paraben family.",,moderate risk,https://en.wikipedia.org/wiki/Paraben,
E161b,E161b - Lutein,,"Yellow pigment, carotenoid.",,free,https://en.wikipedia.org/wiki/Lutein,
E905ci,E905ci - Microcrystalline wax,,"Glazing agent, wax.",,free,https://en.wikipedia.org/wiki/Microcrystalline_wax,
E501,E501 - Potassium carbonates,,"Acidity regulator, potassium salt of carbonic acid.",,free,https://en.wikipedia.org/wiki/Potassium_carbonate,
E503,E503 - Ammonium carbonates,,"Leavening agent, acidity regulator.",,free,https://en.wikipedia.org/wiki/Ammonium_carbonate,
E352i,E352i - Calcium malate,,"Acidity regulator, calcium supplement.",,free,https://en.wikipedia.org/wiki/Calcium_malate,
E153,E153 - Vegetable carbon,,"Black colorant, carbon from plant material.",,free,https://en.wikipedia.org/wiki/Vegetable_carbon,
E151,E151 - Brilliant black bn,,Synthetic black dye.,,moderate risk,https://en.wikipedia.org/wiki/Brilliant_Black_BN,
E519,E519 - Copper sulphate,,"Preservative, fungicide.",,moderate risk,https://en.wikipedia.org/wiki/Copper(II)_sulfate,
E1000,E1000 - Cholic acid,,"Emulsifier, bile acid.",,free,https://en.wikipedia.org/wiki/Cholic_acid,
E939,E939 - Helium,,"Packaging gas, inert gas.",,free,https://en.wikipedia.org/wiki/Helium,
E339,E339 - Sodium phosphates,,"Acidity regulator, sodium salt of phosphoric acid.",,free,https://en.wikipedia.org/wiki/Sodium_phosphate,
E420ii,E420ii - Sorbitol syrup,,"Sugar alcohol, sweetener.",,free,https://en.wikipedia.org/wiki/Sorbitol,
E452v,E452v - Ammonium polyphosphate,,"Emulsifier, stabilizer.",,free,https://en.wikipedia.org/wiki/Ammonium_polyphosphate,
E500i,E500i - Sodium carbonate,,"Leavening agent, acidity regulator.",,free,https://en.wikipedia.org/wiki/Sodium_carbonate,
E1405,E1405 - Enzyme treated starch,,"Modified starch, thickener.",,free,https://www.efsa.europa.eu/en/efsajournal/pub/1538,
E172i,E172i - Black iron oxide,,"Colorant, iron oxide pigment.",,free,https://en.wikipedia.org/wiki/Iron_oxide,
E210,E210 - Benzoic acid,,"Preservative, flavoring agent.",,free,https://en.wikipedia.org/wiki/Benzoic_acid,
E929,E929 - acetone peroxide,,"Bleaching agent, not approved in food.",,high risk,https://en.wikipedia.org/wiki/Acetone_peroxide,
E329,E329 - Magnesium lactate,,"Acidity regulator, magnesium supplement.",,free,https://en.wikipedia.org/wiki/Magnesium_lactate,
E407a,E407a - Processed eucheuma seaweed,,"Thickener, stabilizer from seaweed.",,free,https://en.wikipedia.org/wiki/Eucheuma,
E443,E443 - Brominated vegetable oil,,"Emulsifier, stabilizer.",,moderate risk,https://en.wikipedia.org/wiki/Brominated_vegetable_oil,
E441,E441 - Superglycerinated hydrogenated rapeseed oil,,"Emulsifier, stabilizer.",,free,,
E465,E465 - Ethyl methyl cellulose,,"Thickener, stabilizer.",,free,https://en.wikipedia.org/wiki/Ethyl_methyl_cellulose,
E422,E422 - Glycerol,,"Humectant, sweetener.",,free,https://en.wikipedia.org/wiki/Glycerol,
E283,E283 - Potassium propionate,,"Preservative, potassium salt of propionic acid.",,free,https://en.wikipedia.org/wiki/Potassium_propionate,
E281,E281 - Sodium propionate,,"Preservative, sodium salt of propionic acid.",,free,https://en.wikipedia.org/wiki/Sodium_propionate,
E916,E916 - Calcium iodate,,"Iodine supplement, calcium salt.",,free,https://en.wikipedia.org/wiki/Calcium_iodate,
E316,E316 - sodium erythorbate,,"Antioxidant, preservative.",,free,https://en.wikipedia.org/wiki/Sodium_erythorbate,
E536,E536 - Potassium ferrocyanide,,"Anti-caking agent, potassium supplement.",,free,https://en.wikipedia.org/wiki/Potassium_ferrocyanide,
E425ii,E425ii - Konjac glucomannan,,"Thickener, stabilizer from konjac root.",,free,https://en.wikipedia.org/wiki/Konjac,
E927,E927 - Azodicarbonamide and Carbamide,,"Flour treatment agent, not approved in EU.",,high risk,https://en.wikipedia.org/wiki/Azodicarbonamide,
E327,E327 - calcium lactate,,"Acidity regulator, calcium supplement.",,free,https://en.wikipedia.org/wiki/Calcium_lactate,
E440i,E440i - non-amidated pectines,,"Thickener, stabilizer from fruits.",,free,https://en.wikipedia.org/wiki/Pectin,
E472b,E472b - Lactic acid esters of mono- and diglycerides of fatty acids,,"Emulsifier, stabilizer.",,free,https://www.efsa.europa.eu/en/efsajournal/pub/1543,
E341iii,E341iii - Tricalcium phosphate,,"Calcium supplement, acidity regulator.",,free,https://en.wikipedia.org/wiki/Tricalcium_phosphate,
E1440,E1440 - Hydroxypropyl starch,,"Modified starch, thickener.",,free,https://www.efsa.europa.eu/en/efsajournal/pub/1538,
E924a,E924a - Potassium bromate,,"Flour treatment agent, not approved in EU.",,high risk,https://en.wikipedia.org/wiki/Potassium_bromate,
E285,E285 - Sodium tetraborate (borax),,"Preservative, cleaning agent.",,moderate risk,https://en.wikipedia.org/wiki/Borax,
E638,E638,,"Flavor enhancer, sweetener.",,free,https://en.wikipedia.org/wiki/Ethyl_maltol,
E470aiii,E470aiii - Calcium salts of fatty acids,,"Emulsifier, stabilizer.",,free,https://www.efsa.europa.eu/en/efsajournal/pub/1555,
E452iv,E452iv - Calcium polyphosphate,,"Emulsifier, stabilizer.",,free,https://en.wikipedia.org/wiki/Calcium_polyphosphate,
E503i,E503i - Ammonium carbonate,,"Leavening agent, acidity regulator.",,free,https://en.wikipedia.org/wiki/Ammonium_carbonate,
E170ii,E170ii - Calcium hydrogen carbonate,,"Calcium supplement, acidity regulator.",,free,https://en.wikipedia.org/wiki/Calcium_bicarbonate,
E501i,E501i - Potassium carbonate,,"Acidity regulator, potassium salt of carbonic acid.",,free,https://en.wikipedia.org/wiki/Potassium_carbonate,
E452iii ,E452iii - Sodium calcium polyphosphate,,"Emulsifier, stabilizer.",,free,https://en.wikipedia.org/wiki/Sodium_calcium_polyphosphate,
E150,E150 - Caramel,,"Brown colorant, caramel.",,free,https://en.wikipedia.org/wiki/Caramel_color,
E460i,E460i - Microcrystalline cellulose,,"Thickener, stabilizer, fiber.",,free,https://en.wikipedia.org/wiki/Cellulose,
E459,E459 - Beta-cyclodextrine,,"Stabilizer, encapsulating agent.",,free,https://en.wikipedia.org/wiki/Beta-Cyclodextrin,
E408,E408 - Bakers yeast glycan,,"Thickener, stabilizer from yeast.",,free,https://en.wikipedia.org/wiki/Yeast_beta-glucan,
E375,E375 - Nicotinic acid,,"Vitamin B3, niacin.",,free,https://en.wikipedia.org/wiki/Niacin,
E160b,E160b - Annatto,,Natural orange colorant from annatto.,,free,https://en.wikipedia.org/wiki/Annatto,
E634,E634 - Calcium 5'-ribonucleotide,,"Flavor enhancer, nucleotide.",,free,https://en.wikipedia.org/wiki/Calcium_5%27-ribonucleotide,
E500,E500 - Sodium carbonates,,"Leavening agent, acidity regulator.",,free,https://en.wikipedia.org/wiki/Sodium_carbonate,
E490,E490 - Propylene glycol,,"Humectant, solvent, stabilizer.",,free,https://en.wikipedia.org/wiki/Propylene_glycol,
E952,E952 - Cyclamic acid and its Na and Ca salts,,Artificial sweetener.,,moderate risk,https://en.wikipedia.org/wiki/Cyclamic_acid,
E352,E352 - Calcium malates,,"Acidity regulator, calcium supplement.",,free,https://en.wikipedia.org/wiki/Calcium_malate,
E463,E463 - Hydroxypropyl cellulose,,"Thickener, stabilizer.",,free,https://en.wikipedia.org/wiki/Hydroxypropyl_cellulose,
E404,E404 - Calcium alginate,,"Thickener, stabilizer from seaweed.",,free,https://en.wikipedia.org/wiki/Calcium_alginate,
E457,E457 - Alpha-Cyclodextrine,,"Stabilizer, encapsulating agent.",,free,https://en.wikipedia.org/wiki/Alpha-Cyclodextrin,
E339i,E339i - Monosodium phosphate,,"Acidity regulator, sodium salt of phosphoric acid.",,free,https://en.wikipedia.org/wiki/Monosodium_phosphate,
E461,E461 - methyl cellulose,,"Thickener, stabilizer.",,free,https://en.wikipedia.org/wiki/Methyl_cellulose,
E445,E445 - Glycerol esters of wood rosin,,"Emulsifier, stabilizer.",,free,https://en.wikipedia.org/wiki/Glycerol_esters_of_wood_rosin,
E624,E624 - Monoammonium glutamate,,"Flavor enhancer, ammonium salt of glutamic acid.",,free,https://en.wikipedia.org/wiki/Monoammonium_glutamate,
E155,E155 - Brown ht,,Synthetic brown dye.,,moderate risk,https://en.wikipedia.org/wiki/Brown_HT,
E209,E209 - Heptylparaben,,"Preservative, paraben family.",,moderate risk,https://en.wikipedia.org/wiki/Paraben,
E340iii,E340iii - Tripotassium phosphate,,"Acidity regulator, potassium salt of phosphoric acid.",,free,https://en.wikipedia.org/wiki/Tripotassium_phosphate,
E905f,E905f - Mineral oil medium and low viscosity class II,,"Glazing agent, lubricant.",,free,https://en.wikipedia.org/wiki/Mineral_oil,
E101a,E101a - E101a food additive,,Unknown or not classified.,,unknown,,
E905d,E905d - Mineral oil high viscosity,,"Glazing agent, lubricant.",,free,https://en.wikipedia.org/wiki/Mineral_oil,
E172,E172 - Iron oxides and iron hydroxides,,"Colorant, iron oxide pigment.",,free,https://en.wikipedia.org/wiki/Iron_oxide,
E280,E280 - Propionic acid,,"Preservative, flavoring agent.",,free,https://en.wikipedia.org/wiki/Propionic_acid,
E628,E628 - Dipotassium guanylate,,"Flavor enhancer, nucleotide.",,free,https://en.wikipedia.org/wiki/Dipotassium_guanylate,
E495,E495 - Sorbitan monopalmitate,,"Emulsifier, stabilizer.",,free,https://en.wikipedia.org/wiki/Sorbitan_monopalmitate,
E440,E440 - Pectins,,"Thickener, stabilizer from fruits.",,free,https://en.wikipedia.org/wiki/Pectin,
E350ii,E350ii - Sodium hydrogen malate,,"Acidity regulator, sodium salt of malic acid.",,free,https://en.wikipedia.org/wiki/Sodium_malate,
E370,E370 - 1‚4-Heptonolactone,,"Flavoring agent, lactone compound.",,free,https://en.wikipedia.org/wiki/Heptanolactone,
E213,E213 - Calcium benzoate,,"Preservative, calcium salt of benzoic acid.",,free,https://en.wikipedia.org/wiki/Calcium_benzoate,
E450vi,E450vi - Dicalcium diphosphate,,"Leavening agent, calcium supplement.",,free,https://en.wikipedia.org/wiki/Dicalcium_phosphate,
E553a,E553a - synthetic magnesium silicates,,"Anti-caking agent, magnesium supplement.",,free,https://en.wikipedia.org/wiki/Magnesium_silicate,
E211,E211 - Sodium benzoate,,"Preservative, sodium salt of benzoic acid.",,free,https://en.wikipedia.org/wiki/Sodium_benzoate,
E505,E505 - Ferrous carbonate,,"Iron supplement, colorant.",,free,https://en.wikipedia.org/wiki/Ferrous_carbonate,
E15x,E15x - E15x food additive,,Unknown or not classified.,,unknown,,
E544,E544 - Calcium polyphosphate,,"Emulsifier, stabilizer.",,free,https://en.wikipedia.org/wiki/Calcium_polyphosphate,
